nome_norm,uf,lat,lon,codigo_ibge
abadia de goias,GO,-16.7573,-49.4412,5200050
abadia dos dourados,MG,-18.4831,-47.3916,3100104
abadiania,GO,-16.197,-48.7057,5200100
abaete,MG,-19.1551,-45.4444,3100203
abaetetuba,PA,-1.72183,-48.8788,1500107
abaiara,CE,-7.34588,-39.0416,2300101
abaira,BA,-13.2488,-41.6619,2900108
abare,BA,-8.72073,-39.1162,2900207
abatia,PR,-23.3049,-50.3133,4100103
abdon batista,SC,-27.6126,-51.0233,4200051
abel figueiredo,PA,-4.95333,-48.3933,1500131
abelardo luz,SC,-26.5716,-52.3229,4200101
abre campo,MG,-20.2996,-42.4743,3100302
abreu e lima,PE,-7.90072,-34.8984,2600054
abreulandia,TO,-9.62101,-49.1518,1700251
acaiaca,MG,-20.359,-43.1439,3100401
acailandia,MA,-4.94714,-47.5004,2100055
acajutiba,BA,-11.6575,-38.0197,2900306
acara,PA,-1.95383,-48.1985,1500206
acarape,CE,-4.22083,-38.7055,2300150
acarau,CE,-2.88769,-40.1183,2300200
acari,RN,-6.4282,-36.6347,2400109
acaua,PI,-8.21954,-41.0831,2200053
acegua,RS,-31.8665,-54.1615,4300034
acopiara,CE,-6.08911,-39.448,2300309
acorizal,MT,-15.194,-56.3632,5100102
acrelandia,AC,-9.82581,-66.8972,1200013
acreuna,GO,-17.396,-50.3749,5200134
acu,RN,-5.58362,-36.914,2400208
acucena,MG,-19.0671,-42.5419,3100500
adamantina,SP,-21.682,-51.0737,3500105
adelandia,GO,-16.4127,-50.1657,5200159
adolfo,SP,-21.2325,-49.6451,3500204
adrianopolis,PR,-24.6606,-48.9922,4100202
adustina,BA,-10.5437,-38.1113,2900355
afogados da ingazeira,PE,-7.74312,-37.631,2600104
afonso bezerra,RN,-5.49229,-36.5075,2400307
afonso claudio,ES,-20.0778,-41.1261,3200102
afonso cunha,MA,-4.13631,-43.3275,2100105
afranio,PE,-8.51136,-41.0095,2600203
afua,PA,-0.154874,-50.3861,1500305
agrestina,PE,-8.45966,-35.9447,2600302
agricolandia,PI,-5.79676,-42.6664,2200103
agrolandia,SC,-27.4087,-49.822,4200200
agronomica,SC,-27.2662,-49.708,4200309
agua azul do norte,PA,-6.79053,-50.4791,1500347
agua boa,MG,-17.9914,-42.3806,3100609
agua boa,MT,-14.051,-52.1601,5100201
agua branca,PI,-5.88856,-42.637,2200202
agua branca,PB,-7.51144,-37.6357,2500106
agua branca,AL,-9.262,-37.938,2700102
agua clara,MS,-20.4452,-52.879,5000203
agua comprida,MG,-20.0576,-48.1069,3100708
agua doce,SC,-26.9985,-51.5528,4200408
agua doce do maranhao,MA,-2.84048,-42.1189,2100154
agua doce do norte,ES,-18.5482,-40.9854,3200169
agua fria,BA,-11.8618,-38.7639,2900405
agua fria de goias,GO,-14.9778,-47.7823,5200175
agua limpa,GO,-18.0771,-48.7603,5200209
agua nova,RN,-6.20351,-38.2941,2400406
agua preta,PE,-8.70609,-35.5263,2600401
agua santa,RS,-28.1672,-52.031,4300059
aguai,SP,-22.0572,-46.9735,3500303
aguanil,MG,-20.9439,-45.3915,3100807
aguas belas,PE,-9.11125,-37.1226,2600500
aguas da prata,SP,-21.9319,-46.7176,3500402
aguas de chapeco,SC,-27.0754,-52.9808,4200507
aguas de lindoia,SP,-22.4733,-46.6314,3500501
aguas de santa barbara,SP,-22.8812,-49.2421,3500550
aguas de sao pedro,SP,-22.5977,-47.8734,3500600
aguas formosas,MG,-17.0802,-40.9384,3100906
aguas frias,SC,-26.8794,-52.8568,4200556
aguas lindas de goias,GO,-15.7617,-48.2816,5200258
aguas mornas,SC,-27.6963,-48.8243,4200606
aguas vermelhas,MG,-15.7431,-41.4571,3101003
agudo,RS,-29.6447,-53.2515,4300109
agudos,SP,-22.4694,-48.9863,3500709
agudos do sul,PR,-25.9899,-49.3343,4100301
aguia branca,ES,-18.9846,-40.7437,3200136
aguiar,PB,-7.0918,-38.1681,2500205
aguiarnopolis,TO,-6.55409,-47.4702,1700301
aimores,MG,-19.5007,-41.0746,3101102
aiquara,BA,-14.1269,-39.8937,2900603
aiuaba,CE,-6.57122,-40.1178,2300408
aiuruoca,MG,-21.9736,-44.6042,3101201
ajuricaba,RS,-28.2342,-53.7757,4300208
alagoa,MG,-22.171,-44.6413,3101300
alagoa grande,PB,-7.03943,-35.6206,2500304
alagoa nova,PB,-7.05377,-35.7591,2500403
alagoinha,PB,-6.94657,-35.5332,2500502
alagoinha,PE,-8.4665,-36.7788,2600609
alagoinha do piaui,PI,-7.00039,-40.9282,2200251
alagoinhas,BA,-12.1335,-38.4208,2900702
alambari,SP,-23.5503,-47.898,3500758
albertina,MG,-22.2018,-46.6139,3101409
alcantara,MA,-2.39574,-44.4062,2100204
alcantaras,CE,-3.58537,-40.5479,2300507
alcantil,PB,-7.73668,-36.0511,2500536
alcinopolis,MS,-18.3255,-53.7042,5000252
alcobaca,BA,-17.5195,-39.2036,2900801
aldeias altas,MA,-4.62621,-43.4689,2100303
alecrim,RS,-27.6579,-54.7649,4300307
alegre,ES,-20.758,-41.5382,3200201
alegrete,RS,-29.7902,-55.7949,4300406
alegrete do piaui,PI,-7.24196,-40.8566,2200277
alegria,RS,-27.8345,-54.0557,4300455
alem paraiba,MG,-21.8797,-42.7176,3101508
alenquer,PA,-1.94623,-54.7384,1500404
alexandria,RN,-6.40533,-38.0142,2400505
alexania,GO,-16.0834,-48.5076,5200308
alfenas,MG,-21.4256,-45.9477,3101607
alfredo chaves,ES,-20.6396,-40.7543,3200300
alfredo marcondes,SP,-21.9527,-51.414,3500808
alfredo vasconcelos,MG,-21.1535,-43.7718,3101631
alfredo wagner,SC,-27.7001,-49.3273,4200705
algodao de jandaira,PB,-6.89292,-36.0129,2500577
alhandra,PB,-7.42977,-34.9057,2500601
alianca,PE,-7.60398,-35.2227,2600708
alianca do tocantins,TO,-11.3056,-48.9361,1700350
almadina,BA,-14.7089,-39.6415,2900900
almas,TO,-11.5706,-47.1792,1700400
almeirim,PA,-1.52904,-52.5788,1500503
almenara,MG,-16.1785,-40.6942,3101706
almino afonso,RN,-6.1475,-37.7636,2400604
almirante tamandare,PR,-25.3188,-49.3037,4100400
almirante tamandare do sul,RS,-28.1149,-52.9142,4300471
aloandia,GO,-17.7292,-49.4769,5200506
alpercata,MG,-18.974,-41.97,3101805
alpestre,RS,-27.2502,-53.0341,4300505
alpinopolis,MG,-20.8631,-46.3878,3101904
alta floresta,MT,-9.86674,-56.0867,5100250
alta floresta d'oeste,RO,-11.9283,-61.9953,1100015
altair,SP,-20.5242,-49.0571,3500907
altamira,PA,-3.20407,-52.21,1500602
altamira do maranhao,MA,-4.16598,-45.4706,2100402
altamira do parana,PR,-24.7983,-52.7128,4100459
altaneira,CE,-6.99837,-39.7356,2300606
alterosa,MG,-21.2488,-46.1387,3102001
altinho,PE,-8.48482,-36.0644,2600807
altinopolis,SP,-21.0214,-47.3712,3501004
alto alegre,SP,-21.5811,-50.168,3501103
alto alegre,RR,2.98858,-61.3072,1400050
alto alegre,RS,-28.7769,-52.9893,4300554
alto alegre do maranhao,MA,-4.213,-44.446,2100436
alto alegre do pindare,MA,-3.66689,-45.8421,2100477
alto alegre dos parecis,RO,-12.132,-61.835,1100379
alto araguaia,MT,-17.3153,-53.2181,5100300
alto bela vista,SC,-27.4333,-51.9044,4200754
alto boa vista,MT,-11.6732,-51.3883,5100359
alto caparao,MG,-20.431,-41.8738,3102050
alto do rodrigues,RN,-5.28186,-36.75,2400703
alto feliz,RS,-29.3919,-51.3123,4300570
alto garcas,MT,-16.9462,-53.5272,5100409
alto horizonte,GO,-14.1978,-49.3378,5200555
alto jequitiba,MG,-20.4208,-41.967,3153509
alto longa,PI,-5.25634,-42.2096,2200301
alto paraguai,MT,-14.5137,-56.4776,5100508
alto paraiso,PR,-26.1146,-52.7469,4128625
alto paraiso,RO,-9.71429,-63.3188,1100403
alto paraiso de goias,GO,-14.1305,-47.51,5200605
alto parana,PR,-23.1312,-52.3189,4100608
alto parnaiba,MA,-9.10273,-45.9303,2100501
alto piquiri,PR,-24.0224,-53.44,4100707
alto rio doce,MG,-21.0281,-43.4067,3102100
alto rio novo,ES,-19.0618,-41.0209,3200359
alto santo,CE,-5.50894,-38.2743,2300705
alto taquari,MT,-17.8241,-53.2792,5100607
altonia,PR,-23.8759,-53.8958,4100509
altos,PI,-5.03888,-42.4612,2200400
aluminio,SP,-23.5306,-47.2546,3501152
alvaraes,AM,-3.22727,-64.8007,1300029
alvarenga,MG,-19.4174,-41.7317,3102209
alvares florence,SP,-20.3203,-49.9141,3501202
alvares machado,SP,-22.0764,-51.4722,3501301
alvaro de carvalho,SP,-22.0841,-49.719,3501400
alvinlandia,SP,-22.4435,-49.7623,3501509
alvinopolis,MG,-20.1098,-43.0535,3102308
alvorada,TO,-12.4785,-49.1249,1700707
alvorada,RS,-29.9914,-51.0809,4300604
alvorada d'oeste,RO,-11.3463,-62.2847,1100346
alvorada de minas,MG,-18.7334,-43.3638,3102407
alvorada do gurgueia,PI,-8.42418,-43.777,2200459
alvorada do norte,GO,-14.4797,-46.491,5200803
alvorada do sul,PR,-22.7813,-51.2297,4100806
amajari,RR,3.64571,-61.3692,1400027
amambai,MS,-23.1058,-55.2253,5000609
amapa,AP,2.05267,-50.7957,1600105
amapa do maranhao,MA,-1.67524,-46.0024,2100550
amapora,PR,-23.0943,-52.7866,4100905
amaraji,PE,-8.37691,-35.4501,2600906
amaral ferrador,RS,-30.8756,-52.2509,4300638
amaralina,GO,-13.9236,-49.2962,5200829
amarante,PI,-6.24304,-42.8433,2200509
amarante do maranhao,MA,-5.56913,-46.7473,2100600
amargosa,BA,-13.0215,-39.602,2901007
amatura,AM,-3.37455,-68.2005,1300060
amelia rodrigues,BA,-12.3914,-38.7563,2901106
america dourada,BA,-11.4429,-41.439,2901155
americana,SP,-22.7374,-47.3331,3501608
americano do brasil,GO,-16.2514,-49.9831,5200852
americo brasiliense,SP,-21.7288,-48.1147,3501707
americo de campos,SP,-20.2985,-49.7359,3501806
ametista do sul,RS,-27.3607,-53.183,4300646
amontada,CE,-3.36017,-39.8288,2300754
amorinopolis,GO,-16.6151,-51.0919,5200902
amparo,PB,-7.55502,-37.0628,2500734
amparo,SP,-22.7088,-46.772,3501905
amparo de sao francisco,SE,-10.1348,-36.935,2800100
amparo do serra,MG,-20.5051,-42.8009,3102506
ampere,PR,-25.9168,-53.4686,4101002
anadia,AL,-9.68489,-36.3078,2700201
anage,BA,-14.6151,-41.1356,2901205
anahy,PR,-24.6449,-53.1332,4101051
anajas,PA,-0.996811,-49.9354,1500701
anajatuba,MA,-3.26269,-44.6126,2100709
analandia,SP,-22.1289,-47.6619,3502002
anama,AM,-3.56697,-61.3963,1300086
ananas,TO,-6.36437,-48.0735,1701002
ananindeua,PA,-1.36391,-48.3743,1500800
anapolis,GO,-16.3281,-48.953,5201108
anapu,PA,-3.46985,-51.2003,1500859
anapurus,MA,-3.67577,-43.1014,2100808
anastacio,MS,-20.4823,-55.8104,5000708
anaurilandia,MS,-22.1852,-52.7191,5000807
anchieta,SC,-26.5382,-53.3319,4200804
anchieta,ES,-20.7955,-40.6425,3200409
andarai,BA,-12.8049,-41.3297,2901304
andira,PR,-23.0533,-50.2304,4101101
andorinha,BA,-10.3482,-39.8391,2901353
andradas,MG,-22.0695,-46.5724,3102605
andradina,SP,-20.8948,-51.3786,3502101
andre da rocha,RS,-28.6283,-51.5797,4300661
andrelandia,MG,-21.7411,-44.3117,3102803
angatuba,SP,-23.4917,-48.4139,3502200
angelandia,MG,-17.7279,-42.2641,3102852
angelica,MS,-22.1527,-53.7708,5000856
angelim,PE,-8.88429,-36.2902,2601003
angelina,SC,-27.5704,-48.9879,4200903
angical,BA,-12.0063,-44.7003,2901403
angical do piaui,PI,-6.08786,-42.74,2200608
angico,TO,-6.39179,-47.8611,1701051
angicos,RN,-5.65792,-36.6094,2400802
angra dos reis,RJ,-23.0011,-44.3196,3300100
anguera,BA,-12.1462,-39.2462,2901502
angulo,PR,-23.1946,-51.9154,4101150
anhanguera,GO,-18.3339,-48.2204,5201207
anhembi,SP,-22.793,-48.1336,3502309
anhumas,SP,-22.2934,-51.3895,3502408
anicuns,GO,-16.4642,-49.9617,5201306
anisio de abreu,PI,-9.18564,-43.0494,2200707
anita garibaldi,SC,-27.6897,-51.1271,4201000
anitapolis,SC,-27.9012,-49.1316,4201109
anori,AM,-3.74603,-61.6575,1300102
anta gorda,RS,-28.9698,-52.0102,4300703
antas,BA,-10.3856,-38.3401,2901601
antonina,PR,-25.4386,-48.7191,4101200
antonina do norte,CE,-6.76919,-39.987,2300804
antonio almeida,PI,-7.21276,-44.1889,2200806
antonio cardoso,BA,-12.4335,-39.1176,2901700
antonio carlos,SC,-27.5191,-48.766,4201208
antonio carlos,MG,-21.321,-43.7451,3102902
antonio dias,MG,-19.6491,-42.8732,3103009
antonio goncalves,BA,-10.5767,-40.2785,2901809
antonio joao,MS,-22.1927,-55.9517,5000906
antonio martins,RN,-6.21367,-37.8834,2400901
antonio olinto,PR,-25.9804,-50.1972,4101309
antonio prado,RS,-28.8565,-51.2883,4300802
antonio prado de minas,MG,-21.0192,-42.1109,3103108
aparecida,PB,-6.78466,-38.0803,2500775
aparecida,SP,-22.8495,-45.2325,3502507
aparecida d'oeste,SP,-20.4487,-50.8835,3502606
aparecida de goiania,GO,-16.8198,-49.2469,5201405
aparecida do rio doce,GO,-18.2941,-51.1516,5201454
aparecida do rio negro,TO,-9.94139,-47.9638,1701101
aparecida do taboado,MS,-20.0873,-51.0961,5001003
aperibe,RJ,-21.6252,-42.1017,3300159
apiaca,ES,-21.1523,-41.5693,3200508
apiacas,MT,-9.53981,-57.4587,5100805
apiai,SP,-24.5108,-48.8443,3502705
apicum-acu,MA,-1.45862,-45.0864,2100832
apiuna,SC,-27.0375,-49.3885,4201257
apodi,RN,-5.65349,-37.7946,2401008
apora,BA,-11.6577,-38.0814,2901908
apore,GO,-18.9607,-51.9232,5201504
apuarema,BA,-13.8542,-39.7501,2901957
apucarana,PR,-23.55,-51.4635,4101408
apui,AM,-7.19409,-59.896,1300144
apuiares,CE,-3.94506,-39.4359,2300903
aquidaba,SE,-10.278,-37.0148,2800209
aquidauana,MS,-20.4666,-55.7868,5001102
aquiraz,CE,-3.89929,-38.3896,2301000
arabuta,SC,-27.1587,-52.1423,4201273
aracagi,PB,-6.84374,-35.3737,2500809
aracai,MG,-19.1955,-44.2493,3103207
aracaju,SE,-10.9091,-37.0677,2800308
aracariguama,SP,-23.4366,-47.0608,3502754
aracas,BA,-12.22,-38.2027,2902054
aracati,CE,-4.55826,-37.7679,2301109
aracatu,BA,-14.428,-41.4648,2902005
aracatuba,SP,-21.2076,-50.4401,3502804
araci,BA,-11.3253,-38.9584,2902104
aracitaba,MG,-21.3446,-43.3736,3103306
aracoiaba,PE,-7.78391,-35.0809,2601052
aracoiaba,CE,-4.36872,-38.8125,2301208
aracoiaba da serra,SP,-23.5029,-47.6166,3502903
aracruz,ES,-19.82,-40.2764,3200607
aracu,GO,-16.3563,-49.6804,5201603
aracuai,MG,-16.8523,-42.0637,3103405
aragarcas,GO,-15.8955,-52.2372,5201702
aragoiania,GO,-16.9087,-49.4476,5201801
aragominas,TO,-7.16005,-48.5291,1701309
araguacema,TO,-8.80755,-49.5569,1701903
araguacu,TO,-12.9289,-49.8231,1702000
araguaiana,MT,-15.7291,-51.8341,5101001
araguaina,TO,-7.19238,-48.2044,1702109
araguainha,MT,-16.857,-53.0318,5101209
araguana,TO,-6.58225,-48.6395,1702158
araguana,MA,-2.94644,-45.6589,2100873
araguapaz,GO,-15.0909,-50.6315,5202155
araguari,MG,-18.6456,-48.1934,3103504
araguatins,TO,-5.64659,-48.1232,1702208
araioses,MA,-2.89091,-41.905,2100907
aral moreira,MS,-22.9385,-55.6334,5001243
aramari,BA,-12.0884,-38.4969,2902203
arambare,RS,-30.9092,-51.5046,4300851
arame,MA,-4.88347,-46.0032,2100956
aramina,SP,-20.0882,-47.7873,3503000
arandu,SP,-23.1386,-49.0487,3503109
arantina,MG,-21.9102,-44.2555,3103603
arapei,SP,-22.6717,-44.4441,3503158
arapiraca,AL,-9.75487,-36.6615,2700300
arapoema,TO,-7.65463,-49.0637,1702307
araponga,MG,-20.6686,-42.5178,3103702
arapongas,PR,-23.4153,-51.4259,4101507
arapora,MG,-18.4357,-49.1847,3103751
arapoti,PR,-24.1548,-49.8285,4101606
arapua,PR,-24.3132,-51.7856,4101655
arapua,MG,-19.0268,-46.1484,3103801
araputanga,MT,-15.4641,-58.3425,5101258
araquari,SC,-26.3754,-48.7188,4201307
arara,PB,-6.82813,-35.7552,2500908
ararangua,SC,-28.9356,-49.4918,4201406
araraquara,SP,-21.7845,-48.178,3503208
araras,SP,-22.3572,-47.3842,3503307
ararenda,CE,-4.74567,-40.831,2301257
arari,MA,-3.45214,-44.7665,2101004
ararica,RS,-29.6168,-50.9291,4300877
araripe,CE,-7.21319,-40.1359,2301307
araripina,PE,-7.57073,-40.494,2601102
araruama,RJ,-22.8697,-42.3326,3300209
araruna,PR,-23.9315,-52.5021,4101705
araruna,PB,-6.54848,-35.7498,2501005
arataca,BA,-15.2651,-39.419,2902252
aratiba,RS,-27.3978,-52.2975,4300901
aratuba,CE,-4.41229,-39.0471,2301406
aratuipe,BA,-13.0716,-39.0038,2902302
araua,SE,-11.2614,-37.6201,2800407
araucaria,PR,-25.5859,-49.4047,4101804
araujos,MG,-19.9405,-45.1671,3103900
araxa,MG,-19.5902,-46.9438,3104007
arceburgo,MG,-21.359,-46.9401,3104106
arco-iris,SP,-21.7728,-50.466,3503356
arcos,MG,-20.2863,-45.5373,3104205
arcoverde,PE,-8.41519,-37.0577,2601201
areado,MG,-21.3572,-46.1421,3104304
areal,RJ,-22.2283,-43.1118,3300225
arealva,SP,-22.031,-48.9135,3503406
areia,PB,-6.96396,-35.6977,2501104
areia branca,RN,-4.95254,-37.1252,2401107
areia branca,SE,-10.758,-37.3251,2800506
areia de baraunas,PB,-7.11702,-36.9404,2501153
areial,PB,-7.04789,-35.9313,2501203
areias,SP,-22.5786,-44.6992,3503505
areiopolis,SP,-22.6672,-48.6681,3503604
arenapolis,MT,-14.4472,-56.8437,5101308
arenopolis,GO,-16.3837,-51.5563,5202353
ares,RN,-6.18831,-35.1608,2401206
argirita,MG,-21.6083,-42.8292,3104403
aricanduva,MG,-17.8666,-42.5533,3104452
arinos,MG,-15.9187,-46.1043,3104502
aripuana,MT,-10.1723,-59.4568,5101407
ariquemes,RO,-9.90571,-63.0325,1100023
ariranha,SP,-21.1872,-48.7904,3503703
ariranha do ivai,PR,-24.3857,-51.5839,4101853
armacao dos buzios,RJ,-22.7528,-41.8846,3300233
armazem,SC,-28.2448,-49.0215,4201505
arneiroz,CE,-6.3165,-40.1653,2301505
aroazes,PI,-6.11022,-41.7822,2200905
aroeiras,PB,-7.54473,-35.7066,2501302
aroeiras do itaim,PI,-7.24502,-41.5325,2200954
arraial,PI,-6.65075,-42.5418,2201002
arraial do cabo,RJ,-22.9774,-42.0267,3300258
arraias,TO,-12.9287,-46.9359,1702406
arroio do meio,RS,-29.4014,-51.9557,4301008
arroio do padre,RS,-31.4389,-52.4246,4301073
arroio do sal,RS,-29.5439,-49.8895,4301057
arroio do tigre,RS,-29.3348,-53.0966,4301206
arroio dos ratos,RS,-30.0875,-51.7275,4301107
arroio grande,RS,-32.2327,-53.0862,4301305
arroio trinta,SC,-26.9257,-51.3407,4201604
artur nogueira,SP,-22.5727,-47.1727,3503802
aruana,GO,-14.9166,-51.075,5202502
aruja,SP,-23.3965,-46.32,3503901
arvoredo,SC,-27.0748,-52.4543,4201653
arvorezinha,RS,-28.8737,-52.1781,4301404
ascurra,SC,-26.9548,-49.3783,4201703
aspasia,SP,-20.16,-50.728,3503950
assai,PR,-23.3697,-50.8459,4101903
assare,CE,-6.8669,-39.8689,2301604
assis,SP,-22.66,-50.4183,3504008
assis brasil,AC,-10.9298,-69.5738,1200054
assis chateaubriand,PR,-24.4168,-53.5213,4102000
assuncao,PB,-7.07231,-36.725,2501351
assuncao do piaui,PI,-5.865,-41.0389,2201051
astolfo dutra,MG,-21.3184,-42.8572,3104601
astorga,PR,-23.2318,-51.6668,4102109
atalaia,PR,-23.1517,-52.0551,4102208
atalaia,AL,-9.5119,-36.0086,2700409
atalaia do norte,AM,-4.37055,-70.1967,1300201
atalanta,SC,-27.4219,-49.7789,4201802
ataleia,MG,-18.0438,-41.1149,3104700
atibaia,SP,-23.1171,-46.5563,3504107
atilio vivacqua,ES,-20.913,-41.1986,3200706
augustinopolis,TO,-5.46863,-47.8863,1702554
augusto correa,PA,-1.05109,-46.6147,1500909
augusto de lima,MG,-18.0997,-44.2655,3104809
augusto pestana,RS,-28.5172,-53.9883,4301503
augusto severo (campo grande),RN,-5.86206,-37.3135,2401305
aurea,RS,-27.6936,-52.0505,4301552
aurelino leal,BA,-14.321,-39.329,2902401
auriflama,SP,-20.6836,-50.5572,3504206
aurilandia,GO,-16.6773,-50.4641,5202601
aurora,CE,-6.93349,-38.9742,2301703
aurora,SC,-27.3098,-49.6295,4201901
aurora do para,PA,-2.14898,-47.5677,1500958
aurora do tocantins,TO,-12.7105,-46.4076,1702703
autazes,AM,-3.58574,-59.1256,1300300
avai,SP,-22.1514,-49.3356,3504305
avanhandava,SP,-21.4584,-49.9509,3504404
avare,SP,-23.1067,-48.9251,3504503
aveiro,PA,-3.60841,-55.3199,1501006
avelino lopes,PI,-10.1345,-43.9563,2201101
avelinopolis,GO,-16.4672,-49.7579,5202809
axixa,MA,-2.83939,-44.062,2101103
axixa do tocantins,TO,-5.61275,-47.7701,1702901
babaculandia,TO,-7.20923,-47.7613,1703008
bacabal,MA,-4.22447,-44.7832,2101202
bacabeira,MA,-2.96452,-44.3164,2101251
bacuri,MA,-1.6965,-45.1328,2101301
bacurituba,MA,-2.71,-44.7329,2101350
bady bassitt,SP,-20.9197,-49.4385,3504602
baependi,MG,-21.957,-44.8874,3104908
bage,RS,-31.3297,-54.0999,4301602
bagre,PA,-1.90057,-50.1987,1501105
baia da traicao,PB,-6.69209,-34.9381,2501401
baia formosa,RN,-6.37161,-35.0033,2401404
baianopolis,BA,-12.3016,-44.5388,2902500
baiao,PA,-2.79021,-49.6694,1501204
baixa grande,BA,-11.9519,-40.169,2902609
baixa grande do ribeiro,PI,-7.84903,-45.219,2201150
baixio,CE,-6.71945,-38.7134,2301802
baixo guandu,ES,-19.5213,-41.0109,3200805
balbinos,SP,-21.8963,-49.3619,3504701
baldim,MG,-19.2832,-43.9613,3105004
baliza,GO,-16.1966,-52.5393,5203104
balneario arroio do silva,SC,-28.9806,-49.4237,4201950
balneario barra do sul,SC,-26.4597,-48.6123,4202057
balneario camboriu,SC,-26.9926,-48.6352,4202008
balneario gaivota,SC,-29.1527,-49.5841,4202073
balneario picarras,SC,-26.7639,-48.6717,4212809
balneario pinhal,RS,-30.2419,-50.2337,4301636
balneario rincao,SC,-28.8314,-49.2352,4220000
balsa nova,PR,-25.5804,-49.6291,4102307
balsamo,SP,-20.7348,-49.5865,3504800
balsas,MA,-7.53214,-46.0372,2101400
bambui,MG,-20.0166,-45.9754,3105103
banabuiu,CE,-5.30454,-38.9132,2301851
bananal,SP,-22.6819,-44.3281,3504909
bananeiras,PB,-6.74775,-35.6246,2501500
bandeira,MG,-15.8783,-40.5622,3105202
bandeira do sul,MG,-21.7308,-46.3833,3105301
bandeirante,SC,-26.7705,-53.6413,4202081
bandeirantes,MS,-19.9275,-54.3585,5001508
bandeirantes,PR,-23.1078,-50.3704,4102406
bandeirantes do tocantins,TO,-7.75612,-48.5836,1703057
bannach,PA,-7.34779,-50.3959,1501253
banzae,BA,-10.5788,-38.6212,2902658
barao,RS,-29.3725,-51.4949,4301651
barao de antonina,SP,-23.6284,-49.5634,3505005
barao de cocais,MG,-19.9389,-43.4755,3105400
barao de cotegipe,RS,-27.6208,-52.3798,4301701
barao de grajau,MA,-6.74463,-43.0261,2101509
barao de melgaco,MT,-16.2067,-55.9623,5101605
barao de monte alto,MG,-21.2444,-42.2372,3105509
barao do triunfo,RS,-30.3891,-51.7384,4301750
barauna,RN,-5.06977,-37.6129,2401453
barauna,PB,-6.63484,-36.2601,2501534
barbacena,MG,-21.2214,-43.7703,3105608
barbalha,CE,-7.2982,-39.3021,2301901
barbosa,SP,-21.2657,-49.9518,3505104
barbosa ferraz,PR,-24.0334,-52.004,4102505
barcarena,PA,-1.51187,-48.6195,1501303
barcelona,RN,-5.94284,-35.9247,2401503
barcelos,AM,-0.983373,-62.9311,1300409
bariri,SP,-22.073,-48.7438,3505203
barra,BA,-11.0859,-43.1459,2902708
barra bonita,SC,-26.654,-53.44,4202099
barra bonita,SP,-22.4909,-48.5583,3505302
barra d'alcantara,PI,-6.51645,-42.1146,2201176
barra da estiva,BA,-13.6237,-41.3347,2902807
barra de guabiraba,PE,-8.42075,-35.6585,2601300
barra de santa rosa,PB,-6.71816,-36.0671,2501609
barra de santana,PB,-7.51809,-35.9913,2501575
barra de santo antonio,AL,-9.4023,-35.5101,2700508
barra de sao francisco,ES,-18.7548,-40.8965,3200904
barra de sao miguel,PB,-7.74603,-36.3209,2501708
barra de sao miguel,AL,-9.83842,-35.9057,2700607
barra do bugres,MT,-15.0702,-57.1878,5101704
barra do chapeu,SP,-24.4722,-49.0238,3505351
barra do choca,BA,-14.8654,-40.5791,2902906
barra do corda,MA,-5.49682,-45.2485,2101608
barra do garcas,MT,-15.8804,-52.264,5101803
barra do guarita,RS,-27.1927,-53.7109,4301859
barra do jacare,PR,-23.116,-50.1842,4102703
barra do mendes,BA,-11.81,-42.059,2903003
barra do ouro,TO,-7.69593,-47.6776,1703073
barra do pirai,RJ,-22.4715,-43.8269,3300308
barra do quarai,RS,-30.2029,-57.5497,4301875
barra do ribeiro,RS,-30.2939,-51.3014,4301909
barra do rio azul,RS,-27.4069,-52.4084,4301925
barra do rocha,BA,-14.2,-39.5991,2903102
barra do turvo,SP,-24.759,-48.5013,3505401
barra dos coqueiros,SE,-10.8996,-37.0323,2800605
barra funda,RS,-27.9205,-53.0391,4301958
barra longa,MG,-20.2869,-43.0402,3105707
barra mansa,RJ,-22.5481,-44.1752,3300407
barra velha,SC,-26.637,-48.6933,4202107
barracao,RS,-27.6739,-51.4585,4301800
barracao,PR,-26.2502,-53.6324,4102604
barras,PI,-4.24468,-42.2922,2201200
barreira,CE,-4.28921,-38.6429,2301950
barreiras,BA,-12.1439,-44.9968,2903201
barreiras do piaui,PI,-9.9296,-45.4702,2201309
barreirinha,AM,-2.79886,-57.0679,1300508
barreirinhas,MA,-2.75863,-42.8232,2101707
barreiros,PE,-8.81605,-35.1832,2601409
barretos,SP,-20.5531,-48.5698,3505500
barrinha,SP,-21.1864,-48.1636,3505609
barro,CE,-7.17188,-38.7741,2302008
barro alto,BA,-11.7605,-41.9054,2903235
barro alto,GO,-14.9658,-48.9086,5203203
barro duro,PI,-5.81673,-42.5147,2201408
barro preto,BA,-14.7948,-39.476,2903300
barrocas,BA,-11.5272,-39.0776,2903276
barrolandia,TO,-9.83404,-48.7252,1703107
barroquinha,CE,-3.02051,-41.1358,2302057
barros cassal,RS,-29.0947,-52.5836,4302006
barroso,MG,-21.1907,-43.972,3105905
barueri,SP,-23.5057,-46.879,3505708
bastos,SP,-21.921,-50.7357,3505807
bataguassu,MS,-21.7159,-52.4221,5001904
batalha,PI,-4.0223,-42.0787,2201507
batalha,AL,-9.6742,-37.133,2700706
batatais,SP,-20.8929,-47.5921,3505906
bataypora,MS,-22.2944,-53.2705,5002001
baturite,CE,-4.32598,-38.8812,2302107
bauru,SP,-22.3246,-49.0871,3506003
bayeux,PB,-7.1238,-34.9293,2501807
bebedouro,SP,-20.9491,-48.4791,3506102
beberibe,CE,-4.17741,-38.1271,2302206
bela cruz,CE,-3.04996,-40.1671,2302305
bela vista,MS,-22.1073,-56.5263,5002100
bela vista da caroba,PR,-25.8842,-53.6725,4102752
bela vista de goias,GO,-16.9693,-48.9513,5203302
bela vista de minas,MG,-19.8302,-43.0922,3106002
bela vista do maranhao,MA,-3.72618,-45.3075,2101772
bela vista do paraiso,PR,-22.9937,-51.1927,4102802
bela vista do piaui,PI,-7.98809,-41.8675,2201556
bela vista do toldo,SC,-26.2746,-50.4664,4202131
belagua,MA,-3.15485,-43.5122,2101731
belem,PA,-1.4554,-48.4898,1501402
belem,PB,-6.74261,-35.5166,2501906
belem,AL,-9.57047,-36.4904,2700805
belem de maria,PE,-8.62504,-35.8335,2601508
belem do brejo do cruz,PB,-6.18515,-37.5348,2502003
belem do piaui,PI,-7.36652,-40.9688,2201572
belem do sao francisco,PE,-8.75046,-38.9623,2601607
belford roxo,RJ,-22.764,-43.3992,3300456
belmiro braga,MG,-21.944,-43.4084,3106101
belmonte,SC,-26.843,-53.5758,4202156
belmonte,BA,-15.8608,-38.8758,2903409
belo campo,BA,-15.0334,-41.2652,2903508
belo horizonte,MG,-19.9102,-43.9266,3106200
belo jardim,PE,-8.3313,-36.4258,2601706
belo monte,AL,-9.82272,-37.277,2700904
belo oriente,MG,-19.2199,-42.4828,3106309
belo vale,MG,-20.4077,-44.0275,3106408
belterra,PA,-2.63609,-54.9374,1501451
beneditinos,PI,-5.45676,-42.3638,2201606
benedito leite,MA,-7.21037,-44.5577,2101806
benedito novo,SC,-26.781,-49.3593,4202206
benevides,PA,-1.36183,-48.2434,1501501
benjamin constant,AM,-4.37768,-70.0342,1300607
benjamin constant do sul,RS,-27.5086,-52.5995,4302055
bento de abreu,SP,-21.2686,-50.814,3506201
bento fernandes,RN,-5.69906,-35.813,2401602
bento goncalves,RS,-29.1662,-51.5165,4302105
bequimao,MA,-2.44162,-44.7842,2101905
berilo,MG,-16.9567,-42.4606,3106507
berizal,MG,-15.61,-41.7432,3106655
bernardino batista,PB,-6.44572,-38.5521,2502052
bernardino de campos,SP,-23.0164,-49.4679,3506300
bernardo do mearim,MA,-4.62666,-44.7608,2101939
bernardo sayao,TO,-7.87481,-48.8893,1703206
bertioga,SP,-23.8486,-46.1396,3506359
bertolinia,PI,-7.63338,-43.9498,2201705
bertopolis,MG,-17.059,-40.58,3106606
beruri,AM,-3.89874,-61.3616,1300631
betania,PE,-8.26787,-38.0345,2601805
betania do piaui,PI,-8.14376,-40.7989,2201739
betim,MG,-19.9668,-44.2008,3106705
bezerros,PE,-8.2328,-35.796,2601904
bias fortes,MG,-21.602,-43.7574,3106804
bicas,MG,-21.7232,-43.056,3106903
biguacu,SC,-27.496,-48.6598,4202305
bilac,SP,-21.404,-50.4746,3506409
biquinhas,MG,-18.7754,-45.4974,3107000
birigui,SP,-21.291,-50.3432,3506508
biritiba-mirim,SP,-23.5698,-46.0407,3506607
biritinga,BA,-11.6072,-38.8051,2903607
bituruna,PR,-26.1607,-51.5518,4102901
blumenau,SC,-26.9155,-49.0709,4202404
boa esperanca,PR,-24.2467,-52.7876,4103008
boa esperanca,MG,-21.0927,-45.5612,3107109
boa esperanca,ES,-18.5395,-40.3025,3201001
boa esperanca do iguacu,PR,-25.6324,-53.2108,4103024
boa esperanca do sul,SP,-21.9918,-48.3906,3506706
boa hora,PI,-4.41404,-42.1357,2201770
boa nova,BA,-14.3598,-40.2064,2903706
boa ventura,PB,-7.40982,-38.2113,2502102
boa ventura de sao roque,PR,-24.8688,-51.6276,4103040
boa viagem,CE,-5.11258,-39.7337,2302404
boa vista,RR,2.82384,-60.6753,1400100
boa vista,PB,-7.26365,-36.2357,2502151
boa vista da aparecida,PR,-25.4308,-53.4117,4103057
boa vista das missoes,RS,-27.6671,-53.3102,4302154
boa vista do burica,RS,-27.6693,-54.1082,4302204
boa vista do cadeado,RS,-28.5791,-53.8108,4302220
boa vista do gurupi,MA,-1.77614,-46.3002,2101970
boa vista do incra,RS,-28.8185,-53.391,4302238
boa vista do ramos,AM,-2.97409,-57.5873,1300680
boa vista do sul,RS,-29.3544,-51.6687,4302253
boa vista do tupim,BA,-12.6498,-40.6064,2903805
boca da mata,AL,-9.64308,-36.2125,2701001
boca do acre,AM,-8.74232,-67.3919,1300706
bocaina,PI,-6.94124,-41.3168,2201804
bocaina,SP,-22.1365,-48.523,3506805
bocaina de minas,MG,-22.1697,-44.3972,3107208
bocaina do sul,SC,-27.7455,-49.9423,4202438
bocaiuva,MG,-17.1135,-43.8104,3107307
bocaiuva do sul,PR,-25.2066,-49.1141,4103107
bodo,RN,-5.98027,-36.4167,2401651
bodoco,PE,-7.77759,-39.9338,2602001
bodoquena,MS,-20.537,-56.7127,5002159
bofete,SP,-23.1055,-48.2582,3506904
boituva,SP,-23.2855,-47.6786,3507001
bom conselho,PE,-9.16919,-36.6857,2602100
bom despacho,MG,-19.7386,-45.2622,3107406
bom jardim,RJ,-22.1545,-42.4251,3300506
bom jardim,PE,-7.79695,-35.5784,2602209
bom jardim,MA,-3.54129,-45.606,2102002
bom jardim da serra,SC,-28.3377,-49.6373,4202503
bom jardim de goias,GO,-16.2063,-52.1728,5203401
bom jardim de minas,MG,-21.9479,-44.1885,3107505
bom jesus,SC,-26.7326,-52.3919,4202537
bom jesus,RS,-28.6697,-50.4295,4302303
bom jesus,PI,-9.07124,-44.359,2201903
bom jesus,RN,-5.98648,-35.5792,2401701
bom jesus,PB,-6.81601,-38.6453,2502201
bom jesus da lapa,BA,-13.2506,-43.4108,2903904
bom jesus da penha,MG,-21.0148,-46.5174,3107604
bom jesus da serra,BA,-14.3663,-40.5126,2903953
bom jesus das selvas,MA,-4.47638,-46.8641,2102036
bom jesus de goias,GO,-18.2173,-49.74,5203500
bom jesus do amparo,MG,-19.7054,-43.4782,3107703
bom jesus do araguaia,MT,-12.1706,-51.5032,5101852
bom jesus do galho,MG,-19.836,-42.3165,3107802
bom jesus do itabapoana,RJ,-21.1449,-41.6822,3300605
bom jesus do norte,ES,-21.1173,-41.6731,3201100
bom jesus do oeste,SC,-26.6927,-53.0967,4202578
bom jesus do sul,PR,-26.1958,-53.5955,4103156
bom jesus do tocantins,PA,-5.0424,-48.6047,1501576
bom jesus do tocantins,TO,-8.96306,-48.165,1703305
bom jesus dos perdoes,SP,-23.1356,-46.4675,3507100
bom lugar,MA,-4.37311,-45.0326,2102077
bom principio,RS,-29.4856,-51.3548,4302352
bom principio do piaui,PI,-3.19631,-41.6403,2201919
bom progresso,RS,-27.5399,-53.8716,4302378
bom repouso,MG,-22.4675,-46.144,3107901
bom retiro,SC,-27.799,-49.487,4202602
bom retiro do sul,RS,-29.6071,-51.9456,4302402
bom sucesso,MG,-21.0329,-44.7537,3108008
bom sucesso,PR,-23.7063,-51.7671,4103206
bom sucesso,PB,-6.44176,-37.9234,2502300
bom sucesso de itarare,SP,-24.3155,-49.1451,3507159
bom sucesso do sul,PR,-26.0731,-52.8353,4103222
bombinhas,SC,-27.1382,-48.5146,4202453
bonfim,RR,3.36161,-59.8333,1400159
bonfim,MG,-20.3302,-44.2366,3108107
bonfim do piaui,PI,-9.1605,-42.8865,2201929
bonfinopolis,GO,-16.6173,-48.9616,5203559
bonfinopolis de minas,MG,-16.568,-45.9839,3108206
boninal,BA,-12.7069,-41.8286,2904001
bonito,PE,-8.47163,-35.7292,2602308
bonito,BA,-11.9668,-41.2647,2904050
bonito,PA,-1.36745,-47.3066,1501600
bonito,MS,-21.1261,-56.4836,5002209
bonito de minas,MG,-15.3231,-44.7543,3108255
bonito de santa fe,PB,-7.31341,-38.5133,2502409
bonopolis,GO,-13.6329,-49.8106,5203575
boqueirao,PB,-7.487,-36.1309,2502508
boqueirao do leao,RS,-29.3046,-52.4284,4302451
boqueirao do piaui,PI,-4.48181,-42.1212,2201945
boquim,SE,-11.1397,-37.6195,2800670
boquira,BA,-12.8205,-42.7324,2904100
bora,SP,-22.2696,-50.5409,3507209
boraceia,SP,-22.1926,-48.7808,3507308
borba,AM,-4.39154,-59.5874,1300805
borborema,PB,-6.80199,-35.6187,2502706
borborema,SP,-21.6214,-49.0741,3507407
borda da mata,MG,-22.2707,-46.1653,3108305
borebi,SP,-22.5728,-48.9707,3507456
borrazopolis,PR,-23.9366,-51.5875,4103305
bossoroca,RS,-28.7291,-54.9035,4302501
botelhos,MG,-21.6412,-46.391,3108404
botucatu,SP,-22.8837,-48.4437,3507506
botumirim,MG,-16.8657,-43.0086,3108503
botupora,BA,-13.3772,-42.5163,2904209
botuvera,SC,-27.2007,-49.0689,4202701
bozano,RS,-28.3659,-53.772,4302584
braco do norte,SC,-28.2681,-49.1701,4202800
braco do trombudo,SC,-27.3586,-49.8821,4202859
braga,RS,-27.6173,-53.7405,4302600
braganca,PA,-1.06126,-46.7826,1501709
braganca paulista,SP,-22.9527,-46.5419,3507605
braganey,PR,-24.8173,-53.1218,4103354
branquinha,AL,-9.23342,-36.0162,2701100
bras pires,MG,-20.8419,-43.2406,3108701
brasil novo,PA,-3.29792,-52.534,1501725
brasilandia,MS,-21.2544,-52.0365,5002308
brasilandia de minas,MG,-16.9999,-46.0081,3108552
brasilandia do sul,PR,-24.1978,-53.5275,4103370
brasilandia do tocantins,TO,-8.38918,-48.4822,1703602
brasileia,AC,-10.995,-68.7497,1200104
brasileira,PI,-4.1337,-41.7859,2201960
brasilia,DF,-15.7795,-47.9297,5300108
brasilia de minas,MG,-16.2104,-44.4299,3108602
brasnorte,MT,-12.1474,-57.9833,5101902
brauna,SP,-21.499,-50.3175,3507704
braunas,MG,-19.0562,-42.7099,3108800
brazabrantes,GO,-16.4281,-49.3863,5203609
brazopolis,MG,-22.4743,-45.6166,3108909
brejao,PE,-9.02915,-36.566,2602407
brejetuba,ES,-20.1395,-41.2954,3201159
brejinho,RN,-6.18566,-35.3591,2401800
brejinho,PE,-7.34694,-37.2865,2602506
brejinho de nazare,TO,-11.0058,-48.5683,1703701
brejo,MA,-3.67796,-42.7527,2102101
brejo alegre,SP,-21.1651,-50.1861,3507753
brejo da madre de deus,PE,-8.14933,-36.3741,2602605
brejo de areia,MA,-4.334,-45.581,2102150
brejo do cruz,PB,-6.34185,-37.4943,2502805
brejo do piaui,PI,-8.20314,-42.8229,2201988
brejo dos santos,PB,-6.37065,-37.8253,2502904
brejo grande,SE,-10.4297,-36.4611,2800704
brejo grande do araguaia,PA,-5.69822,-48.4103,1501758
brejo santo,CE,-7.48469,-38.9799,2302503
brejoes,BA,-13.1039,-39.7988,2904308
brejolandia,BA,-12.4815,-43.9679,2904407
breu branco,PA,-3.77191,-49.5735,1501782
breves,PA,-1.68036,-50.4791,1501808
britania,GO,-15.2428,-51.1602,5203807
brochier,RS,-29.5501,-51.5945,4302659
brodowski,SP,-20.9845,-47.6572,3507803
brotas,SP,-22.2795,-48.1251,3507902
brotas de macaubas,BA,-11.9915,-42.6326,2904506
brumadinho,MG,-20.151,-44.2007,3109006
brumado,BA,-14.2021,-41.6696,2904605
brunopolis,SC,-27.3058,-50.8684,4202875
brusque,SC,-27.0977,-48.9107,4202909
bueno brandao,MG,-22.4383,-46.3491,3109105
buenopolis,MG,-17.8744,-44.1775,3109204
buenos aires,PE,-7.72449,-35.3182,2602704
buerarema,BA,-14.9595,-39.3028,2904704
bugre,MG,-19.4231,-42.2552,3109253
buique,PE,-8.61954,-37.1606,2602803
bujari,AC,-9.81528,-67.955,1200138
bujaru,PA,-1.51762,-48.0381,1501907
buri,SP,-23.7977,-48.5958,3508009
buritama,SP,-21.0661,-50.1475,3508108
buriti,MA,-3.94169,-42.9179,2102200
buriti alegre,GO,-18.1378,-49.0404,5203906
buriti bravo,MA,-5.83239,-43.8353,2102309
buriti de goias,GO,-16.1792,-50.4302,5203939
buriti do tocantins,TO,-5.31448,-48.2271,1703800
buriti dos lopes,PI,-3.18259,-41.8695,2202000
buriti dos montes,PI,-5.30584,-41.0933,2202026
buriticupu,MA,-4.32375,-46.4409,2102325
buritinopolis,GO,-14.4772,-46.4076,5203962
buritirama,BA,-10.7171,-43.6302,2904753
buritirana,MA,-5.59823,-47.0131,2102358
buritis,RO,-10.1943,-63.8324,1100452
buritis,MG,-15.6218,-46.4221,3109303
buritizal,SP,-20.1911,-47.7096,3508207
buritizeiro,MG,-17.3656,-44.9606,3109402
butia,RS,-30.1179,-51.9601,4302709
caapiranga,AM,-3.31537,-61.2206,1300839
caapora,PB,-7.51351,-34.9055,2503001
caarapo,MS,-22.6368,-54.8209,5002407
caatiba,BA,-14.9699,-40.4092,2904803
cabaceiras,PB,-7.48899,-36.287,2503100
cabaceiras do paraguacu,BA,-12.5317,-39.1902,2904852
cabeceira grande,MG,-16.0335,-47.0862,3109451
cabeceiras,GO,-15.7995,-46.9265,5204003
cabeceiras do piaui,PI,-4.4773,-42.3069,2202059
cabedelo,PB,-6.98731,-34.8284,2503209
cabixi,RO,-13.4945,-60.552,1100031
cabo de santo agostinho,PE,-8.28218,-35.0253,2602902
cabo frio,RJ,-22.8894,-42.0286,3300704
cabo verde,MG,-21.4699,-46.3919,3109501
cabralia paulista,SP,-22.4576,-49.3393,3508306
cabreuva,SP,-23.3053,-47.1362,3508405
cabrobo,PE,-8.50548,-39.3094,2603009
cacador,SC,-26.7757,-51.012,4203006
cacapava,SP,-23.0992,-45.7076,3508504
cacapava do sul,RS,-30.5144,-53.4827,4302808
cacaulandia,RO,-10.349,-62.9043,1100601
cacequi,RS,-29.8883,-54.822,4302907
caceres,MT,-16.0764,-57.6818,5102504
cachoeira,BA,-12.5994,-38.9587,2904902
cachoeira alta,GO,-18.7618,-50.9432,5204102
cachoeira da prata,MG,-19.521,-44.4544,3109600
cachoeira de goias,GO,-16.6635,-50.646,5204201
cachoeira de minas,MG,-22.3511,-45.7809,3109709
cachoeira de pajeu,MG,-15.9688,-41.4948,3102704
cachoeira do arari,PA,-1.01226,-48.9503,1502004
cachoeira do piria,PA,-1.75974,-46.5459,1501956
cachoeira do sul,RS,-30.033,-52.8928,4303004
cachoeira dos indios,PB,-6.91353,-38.676,2503308
cachoeira dourada,GO,-18.4859,-49.4766,5204250
cachoeira dourada,MG,-18.5161,-49.5039,3109808
cachoeira grande,MA,-2.93074,-44.0528,2102374
cachoeira paulista,SP,-22.6665,-45.0154,3508603
cachoeiras de macacu,RJ,-22.4658,-42.6523,3300803
cachoeirinha,TO,-6.1156,-47.9234,1703826
cachoeirinha,PE,-8.48668,-36.2402,2603108
cachoeirinha,RS,-29.9472,-51.1016,4303103
cachoeiro de itapemirim,ES,-20.8462,-41.1198,3201209
cacimba de areia,PB,-7.12128,-37.1563,2503407
cacimba de dentro,PB,-6.6386,-35.7778,2503506
cacimbas,PB,-7.20721,-37.0604,2503555
cacimbinhas,AL,-9.40121,-36.9911,2701209
cacique doble,RS,-27.767,-51.6597,4303202
cacoal,RO,-11.4343,-61.4562,1100049
caconde,SP,-21.528,-46.6437,3508702
cacu,GO,-18.5594,-51.1328,5204300
cacule,BA,-14.5003,-42.2229,2905008
caem,BA,-11.0677,-40.432,2905107
caetanopolis,MG,-19.2971,-44.4189,3109907
caetanos,BA,-14.3347,-40.9175,2905156
caete,MG,-19.8826,-43.6704,3110004
caetes,PE,-8.7803,-36.6268,2603207
caetite,BA,-14.0684,-42.4861,2905206
cafarnaum,BA,-11.6914,-41.4688,2905305
cafeara,PR,-22.789,-51.7142,4103404
cafelandia,SP,-21.8031,-49.6092,3508801
cafelandia,PR,-24.6189,-53.3207,4103453
cafezal do sul,PR,-23.9005,-53.5124,4103479
caiabu,SP,-22.0127,-51.2394,3508900
caiana,MG,-20.6956,-41.9292,3110103
caiaponia,GO,-16.9539,-51.8091,5204409
caibate,RS,-28.2905,-54.6454,4303301
caibi,SC,-27.0741,-53.2458,4203105
caicara,RS,-27.2791,-53.4257,4303400
caicara,PB,-6.62115,-35.4581,2503605
caicara do norte,RN,-5.07091,-36.0717,2401859
caicara do rio do vento,RN,-5.76541,-35.9938,2401909
caico,RN,-6.45441,-37.1067,2402006
caieiras,SP,-23.3607,-46.7397,3509007
cairu,BA,-13.4904,-39.0465,2905404
caiua,SP,-21.8322,-51.9969,3509106
cajamar,SP,-23.355,-46.8781,3509205
cajapio,MA,-2.87326,-44.6741,2102408
cajari,MA,-3.32742,-45.0145,2102507
cajati,SP,-24.7324,-48.1223,3509254
cajazeiras,PB,-6.88004,-38.5577,2503704
cajazeiras do piaui,PI,-6.79667,-42.3903,2202075
cajazeirinhas,PB,-6.96016,-37.8009,2503753
cajobi,SP,-20.8773,-48.8063,3509304
cajueiro,AL,-9.3994,-36.1559,2701308
cajueiro da praia,PI,-2.93111,-41.3408,2202083
cajuri,MG,-20.7903,-42.7925,3110202
cajuru,SP,-21.2749,-47.303,3509403
calcado,PE,-8.73108,-36.3366,2603306
calcoene,AP,2.50475,-50.9512,1600204
caldas,MG,-21.9183,-46.3843,3110301
caldas brandao,PB,-7.1025,-35.3272,2503803
caldas novas,GO,-17.7441,-48.6246,5204508
caldazinha,GO,-16.7117,-49.0013,5204557
caldeirao grande,BA,-11.0208,-40.2956,2905503
caldeirao grande do piaui,PI,-7.3314,-40.6366,2202091
california,PR,-23.6566,-51.3574,4103503
calmon,SC,-26.5942,-51.095,4203154
calumbi,PE,-7.93551,-38.1482,2603405
camacan,BA,-15.4142,-39.4919,2905602
camacari,BA,-12.6996,-38.3263,2905701
camacho,MG,-20.6294,-45.1593,3110400
camalau,PB,-7.88503,-36.8242,2503902
camamu,BA,-13.9398,-39.1071,2905800
camanducaia,MG,-22.7515,-46.1494,3110509
camapua,MS,-19.5347,-54.0431,5002605
camaqua,RS,-30.8489,-51.8043,4303509
camaragibe,PE,-8.02351,-34.9782,2603454
camargo,RS,-28.588,-52.2003,4303558
cambara,PR,-23.0423,-50.0753,4103602
cambara do sul,RS,-29.0474,-50.1465,4303608
cambe,PR,-23.2766,-51.2798,4103701
cambira,PR,-23.589,-51.5792,4103800
camboriu,SC,-27.0241,-48.6503,4203204
cambuci,RJ,-21.5691,-41.9187,3300902
cambui,MG,-22.6115,-46.0572,3110608
cambuquira,MG,-21.854,-45.2896,3110707
cameta,PA,-2.24295,-49.4979,1502103
camocim,CE,-2.9005,-40.8544,2302602
camocim de sao felix,PE,-8.35865,-35.7653,2603504
campanario,MG,-18.2427,-41.7355,3110806
campanha,MG,-21.836,-45.4004,3110905
campestre,MG,-21.7079,-46.2381,3111002
campestre,AL,-8.84723,-35.5685,2701357
campestre da serra,RS,-28.7926,-51.0941,4303673
campestre de goias,GO,-16.7624,-49.695,5204607
campestre do maranhao,MA,-6.17075,-47.3625,2102556
campina da lagoa,PR,-24.5893,-52.7976,4103909
campina das missoes,RS,-27.9888,-54.8416,4303707
campina do monte alegre,SP,-23.5895,-48.4758,3509452
campina do simao,PR,-25.0802,-51.8237,4103958
campina grande,PB,-7.22196,-35.8731,2504009
campina grande do sul,PR,-25.3044,-49.0551,4104006
campina verde,MG,-19.5382,-49.4862,3111101
campinacu,GO,-13.787,-48.5704,5204656
campinapolis,MT,-14.5162,-52.893,5102603
campinas,SP,-22.9053,-47.0659,3509502
campinas do piaui,PI,-7.6593,-41.8775,2202109
campinas do sul,RS,-27.7174,-52.6248,4303806
campinorte,GO,-14.3137,-49.1511,5204706
campo alegre,SC,-26.195,-49.2676,4203303
campo alegre,AL,-9.78451,-36.3525,2701407
campo alegre de goias,GO,-17.6363,-47.7768,5204805
campo alegre de lourdes,BA,-9.52221,-43.0126,2905909
campo alegre do fidalgo,PI,-8.38236,-41.8344,2202117
campo azul,MG,-16.5028,-44.8096,3111150
campo belo,MG,-20.8932,-45.2699,3111200
campo belo do sul,SC,-27.8975,-50.7595,4203402
campo bom,RS,-29.6747,-51.0606,4303905
campo bonito,PR,-25.0294,-52.9939,4104055
campo do brito,SE,-10.7392,-37.4954,2801009
campo do meio,MG,-21.1127,-45.8273,3111309
campo do tenente,PR,-25.98,-49.6844,4104105
campo ere,SC,-26.3931,-53.0856,4203501
campo florido,MG,-19.7631,-48.5716,3111408
campo formoso,BA,-10.5105,-40.32,2906006
campo grande,AL,-9.95542,-36.7926,2701506
campo grande,MS,-20.4486,-54.6295,5002704
campo grande do piaui,PI,-7.12827,-41.0315,2202133
campo largo,PR,-25.4525,-49.529,4104204
campo largo do piaui,PI,-3.80441,-42.64,2202174
campo limpo de goias,GO,-16.2971,-49.0895,5204854
campo limpo paulista,SP,-23.2078,-46.7889,3509601
campo magro,PR,-25.3687,-49.4501,4104253
campo maior,PI,-4.8217,-42.1641,2202208
campo mourao,PR,-24.0463,-52.378,4104303
campo novo,RS,-27.6792,-53.8052,4304002
campo novo de rondonia,RO,-10.5712,-63.6266,1100700
campo novo do parecis,MT,-13.6587,-57.8907,5102637
campo redondo,RN,-6.23829,-36.1888,2402105
campo verde,MT,-15.545,-55.1626,5102678
campos altos,MG,-19.6914,-46.1725,3111507
campos belos,GO,-13.035,-46.7681,5204904
campos borges,RS,-28.8871,-53.0008,4304101
campos de julio,MT,-13.7242,-59.2858,5102686
campos do jordao,SP,-22.7296,-45.5833,3509700
campos dos goytacazes,RJ,-21.7622,-41.3181,3301009
campos gerais,MG,-21.237,-45.7569,3111606
campos lindos,TO,-7.98956,-46.8645,1703842
campos novos,SC,-27.4002,-51.2276,4203600
campos novos paulista,SP,-22.602,-49.9987,3509809
campos sales,CE,-7.06761,-40.3687,2302701
campos verdes,GO,-14.2442,-49.6528,5204953
camutanga,PE,-7.40545,-35.2664,2603603
cana verde,MG,-21.0232,-45.1801,3111903
canaa,MG,-20.6869,-42.6167,3111705
canaa dos carajas,PA,-6.49659,-49.8776,1502152
canabrava do norte,MT,-11.0556,-51.8209,5102694
cananeia,SP,-25.0144,-47.9341,3509908
canapi,AL,-9.11932,-37.5967,2701605
canapolis,BA,-13.0725,-44.201,2906105
canapolis,MG,-18.7212,-49.2035,3111804
canarana,BA,-11.6858,-41.7677,2906204
canarana,MT,-13.5515,-52.2705,5102702
canas,SP,-22.7003,-45.0521,3509957
canavieira,PI,-7.68821,-43.7233,2202251
canavieiras,BA,-15.6722,-38.9536,2906303
candeal,BA,-11.8049,-39.1203,2906402
candeias,BA,-12.6716,-38.5472,2906501
candeias,MG,-20.7692,-45.2765,3112000
candeias do jamari,RO,-8.7907,-63.7005,1100809
candelaria,RS,-29.6684,-52.7895,4304200
candiba,BA,-14.4097,-42.8667,2906600
candido de abreu,PR,-24.5649,-51.3372,4104402
candido godoi,RS,-27.9515,-54.7517,4304309
candido mendes,MA,-1.43265,-45.7161,2102606
candido mota,SP,-22.7471,-50.3873,3510005
candido rodrigues,SP,-21.3275,-48.6327,3510104
candido sales,BA,-15.4993,-41.2414,2906709
candiota,RS,-31.5516,-53.6773,4304358
candoi,PR,-25.5758,-52.0409,4104428
canela,RS,-29.356,-50.8119,4304408
canelinha,SC,-27.2616,-48.7658,4203709
canguaretama,RN,-6.37193,-35.1281,2402204
cangucu,RS,-31.396,-52.6783,4304507
canhoba,SE,-10.1365,-36.9806,2801108
canhotinho,PE,-8.87652,-36.1979,2603702
caninde,CE,-4.35162,-39.3155,2302800
caninde de sao francisco,SE,-9.64882,-37.7923,2801207
canitar,SP,-23.004,-49.7839,3510153
canoas,RS,-29.9128,-51.1857,4304606
canoinhas,SC,-26.1766,-50.395,4203808
cansancao,BA,-10.6647,-39.4944,2906808
canta,RR,2.60994,-60.6058,1400175
cantagalo,RJ,-21.9797,-42.3664,3301108
cantagalo,PR,-25.3734,-52.1198,4104451
cantagalo,MG,-18.5248,-42.6223,3112059
cantanhede,MA,-3.63757,-44.383,2102705
canto do buriti,PI,-8.1111,-42.9517,2202307
canudos,BA,-9.90014,-39.1471,2906824
canudos do vale,RS,-29.3271,-52.2374,4304614
canutama,AM,-6.52582,-64.3953,1300904
capanema,PA,-1.20529,-47.1778,1502202
capanema,PR,-25.6691,-53.8055,4104501
capao alto,SC,-27.9389,-50.5098,4203253
capao bonito,SP,-24.0113,-48.3482,3510203
capao bonito do sul,RS,-28.1254,-51.3961,4304622
capao da canoa,RS,-29.7642,-50.0282,4304630
capao do cipo,RS,-28.9312,-54.5558,4304655
capao do leao,RS,-31.7565,-52.4889,4304663
caparao,MG,-20.5289,-41.9061,3112109
capela,AL,-9.41504,-36.0826,2701704
capela,SE,-10.5069,-37.0628,2801306
capela de santana,RS,-29.6961,-51.328,4304689
capela do alto,SP,-23.4685,-47.7388,3510302
capela do alto alegre,BA,-11.6658,-39.8349,2906857
capela nova,MG,-20.9179,-43.622,3112208
capelinha,MG,-17.6888,-42.5147,3112307
capetinga,MG,-20.6163,-47.0571,3112406
capim,PB,-6.91624,-35.1673,2504033
capim branco,MG,-19.5471,-44.1304,3112505
capim grosso,BA,-11.3797,-40.0089,2906873
capinopolis,MG,-18.6862,-49.5706,3112604
capinzal,SC,-27.3473,-51.6057,4203907
capinzal do norte,MA,-4.7236,-44.328,2102754
capistrano,CE,-4.45569,-38.9048,2302909
capitao,RS,-29.2674,-51.9853,4304697
capitao andrade,MG,-19.0748,-41.8614,3112653
capitao de campos,PI,-4.457,-41.944,2202406
capitao eneas,MG,-16.3265,-43.7084,3112703
capitao gervasio oliveira,PI,-8.49655,-41.814,2202455
capitao leonidas marques,PR,-25.4816,-53.6112,4104600
capitao poco,PA,-1.74785,-47.0629,1502301
capitolio,MG,-20.6164,-46.0493,3112802
capivari,SP,-22.9951,-47.5071,3510401
capivari de baixo,SC,-28.4498,-48.9631,4203956
capivari do sul,RS,-30.1383,-50.5152,4304671
capixaba,AC,-10.566,-67.686,1200179
capoeiras,PE,-8.73423,-36.6306,2603801
caputira,MG,-20.1703,-42.2683,3112901
caraa,RS,-29.7869,-50.4316,4304713
caracarai,RR,1.82766,-61.1304,1400209
caracol,PI,-9.27933,-43.329,2202505
caracol,MS,-22.011,-57.0277,5002803
caraguatatuba,SP,-23.6125,-45.4125,3510500
carai,MG,-17.1862,-41.7004,3113008
caraibas,BA,-14.7177,-41.2603,2906899
carambei,PR,-24.9152,-50.0986,4104659
caranaiba,MG,-20.8707,-43.7417,3113107
carandai,MG,-20.9566,-43.811,3113206
carangola,MG,-20.7343,-42.0313,3113305
carapebus,RJ,-22.1821,-41.663,3300936
carapicuiba,SP,-23.5235,-46.8407,3510609
caratinga,MG,-19.7868,-42.1292,3113404
carauari,AM,-4.88161,-66.9086,1301001
caraubas,RN,-5.78387,-37.5586,2402303
caraubas,PB,-7.72049,-36.492,2504074
caraubas do piaui,PI,-3.47525,-41.8425,2202539
caravelas,BA,-17.7268,-39.2597,2906907
carazinho,RS,-28.2958,-52.7933,4304705
carbonita,MG,-17.5255,-43.0137,3113503
cardeal da silva,BA,-11.9472,-37.9469,2907004
cardoso,SP,-20.08,-49.9183,3510708
cardoso moreira,RJ,-21.4846,-41.6165,3301157
careacu,MG,-22.0424,-45.696,3113602
careiro,AM,-3.76803,-60.369,1301100
careiro da varzea,AM,-3.314,-59.5557,1301159
cariacica,ES,-20.2632,-40.4165,3201308
caridade,CE,-4.22514,-39.1912,2303006
caridade do piaui,PI,-7.73435,-40.9848,2202554
carinhanha,BA,-14.2985,-43.7724,2907103
carira,SE,-10.3524,-37.7002,2801405
carire,CE,-3.94858,-40.476,2303105
cariri do tocantins,TO,-11.8881,-49.1609,1703867
caririacu,CE,-7.02808,-39.2828,2303204
carius,CE,-6.52428,-39.4916,2303303
carlinda,MT,-9.94912,-55.8417,5102793
carlopolis,PR,-23.4269,-49.7235,4104709
carlos barbosa,RS,-29.2969,-51.5028,4304804
carlos chagas,MG,-17.6973,-40.7723,3113701
carlos gomes,RS,-27.7167,-51.9121,4304853
carmesia,MG,-19.0877,-43.1382,3113800
carmo,RJ,-21.931,-42.6046,3301207
carmo da cachoeira,MG,-21.4633,-45.2201,3113909
carmo da mata,MG,-20.5575,-44.8735,3114006
carmo de minas,MG,-22.1204,-45.1307,3114105
carmo do cajuru,MG,-20.1912,-44.7664,3114204
carmo do paranaiba,MG,-18.991,-46.3167,3114303
carmo do rio claro,MG,-20.9736,-46.1149,3114402
carmo do rio verde,GO,-15.3549,-49.708,5205000
carmolandia,TO,-7.03262,-48.3978,1703883
carmopolis,SE,-10.6449,-36.9887,2801504
carmopolis de minas,MG,-20.5396,-44.6336,3114501
carnaiba,PE,-7.79342,-37.7946,2603900
carnauba dos dantas,RN,-6.55015,-36.5868,2402402
carnaubais,RN,-5.34181,-36.8335,2402501
carnaubal,CE,-4.15985,-40.9413,2303402
carnaubeira da penha,PE,-8.31799,-38.7512,2603926
carneirinho,MG,-19.6987,-50.6894,3114550
carneiros,AL,-9.48476,-37.3773,2701803
caroebe,RR,0.884203,-59.6959,1400233
carolina,MA,-7.33584,-47.4634,2102804
carpina,PE,-7.84566,-35.2514,2604007
carrancas,MG,-21.4898,-44.6446,3114600
carrapateira,PB,-7.03414,-38.3399,2504108
carrasco bonito,TO,-5.31415,-48.0314,1703891
caruaru,PE,-8.28455,-35.9699,2604106
carutapera,MA,-1.19696,-46.0085,2102903
carvalhopolis,MG,-21.7735,-45.8421,3114709
carvalhos,MG,-22.0,-44.4632,3114808
casa branca,SP,-21.7708,-47.0852,3510807
casa grande,MG,-20.7925,-43.9343,3114907
casa nova,BA,-9.16408,-40.974,2907202
casca,RS,-28.5605,-51.9815,4304903
cascalho rico,MG,-18.5772,-47.8716,3115003
cascavel,PR,-24.9573,-53.459,4104808
cascavel,CE,-4.12967,-38.2412,2303501
caseara,TO,-9.27612,-49.9521,1703909
caseiros,RS,-28.2582,-51.6861,4304952
casimiro de abreu,RJ,-22.4812,-42.2066,3301306
casinhas,PE,-7.74084,-35.7206,2604155
casserengue,PB,-6.77954,-35.8179,2504157
cassia,MG,-20.5831,-46.9201,3115102
cassia dos coqueiros,SP,-21.2801,-47.1643,3510906
cassilandia,MS,-19.1179,-51.7313,5002902
castanhal,PA,-1.29797,-47.9167,1502400
castanheira,MT,-11.1251,-58.6081,5102850
castanheiras,RO,-11.4253,-61.9482,1100908
castelandia,GO,-18.0921,-50.203,5205059
castelo,ES,-20.6033,-41.2031,3201407
castelo do piaui,PI,-5.31869,-41.5499,2202604
castilho,SP,-20.8689,-51.4884,3511003
castro,PR,-24.7891,-50.0108,4104907
castro alves,BA,-12.7579,-39.4248,2907301
cataguases,MG,-21.3924,-42.6896,3115300
catalao,GO,-18.1656,-47.944,5205109
catanduva,SP,-21.1314,-48.977,3511102
catanduvas,PR,-25.2044,-53.1548,4105003
catanduvas,SC,-27.069,-51.6602,4204004
catarina,CE,-6.12291,-39.8736,2303600
catas altas,MG,-20.0734,-43.4061,3115359
catas altas da noruega,MG,-20.6901,-43.4939,3115409
catende,PE,-8.67509,-35.7024,2604205
catigua,SP,-21.0519,-49.0616,3511201
catingueira,PB,-7.12008,-37.6064,2504207
catolandia,BA,-12.31,-44.8648,2907400
catole do rocha,PB,-6.34062,-37.747,2504306
catu,BA,-12.3513,-38.3791,2907509
catuipe,RS,-28.2554,-54.0132,4305009
catuji,MG,-17.3018,-41.5276,3115458
catunda,CE,-4.64336,-40.2,2303659
caturai,GO,-16.4447,-49.4936,5205208
caturama,BA,-13.3239,-42.2904,2907558
caturite,PB,-7.41659,-36.0306,2504355
catuti,MG,-15.3616,-42.9627,3115474
caucaia,CE,-3.72797,-38.6619,2303709
cavalcante,GO,-13.7976,-47.4566,5205307
caxambu,MG,-21.9753,-44.9319,3115508
caxambu do sul,SC,-27.1624,-52.8807,4204103
caxias,MA,-4.86505,-43.3617,2103000
caxias do sul,RS,-29.1629,-51.1792,4305108
caxingo,PI,-3.41904,-41.8955,2202653
ceara-mirim,RN,-5.64323,-35.4247,2402600
cedral,MA,-2.00027,-44.5281,2103109
cedral,SP,-20.9009,-49.2664,3511300
cedro,CE,-6.60034,-39.0609,2303808
cedro,PE,-7.71179,-39.2367,2604304
cedro de sao joao,SE,-10.2534,-36.8856,2801603
cedro do abaete,MG,-19.1458,-45.712,3115607
celso ramos,SC,-27.6327,-51.335,4204152
centenario,RS,-27.7615,-51.9984,4305116
centenario,TO,-8.96103,-47.3304,1704105
centenario do sul,PR,-22.8188,-51.5973,4105102
central,BA,-11.1376,-42.1116,2907608
central de minas,MG,-18.7612,-41.3143,3115706
central do maranhao,MA,-2.19831,-44.8254,2103125
centralina,MG,-18.5852,-49.2014,3115805
centro do guilherme,MA,-2.44891,-46.0345,2103158
centro novo do maranhao,MA,-2.12696,-46.1228,2103174
cerejeiras,RO,-13.187,-60.8168,1100056
ceres,GO,-15.3061,-49.6,5205406
cerqueira cesar,SP,-23.038,-49.1655,3511409
cerquilho,SP,-23.1665,-47.7459,3511508
cerrito,RS,-31.8419,-52.8004,4305124
cerro azul,PR,-26.0891,-52.8691,4105201
cerro branco,RS,-29.657,-52.9406,4305132
cerro cora,RN,-6.03503,-36.3503,2402709
cerro grande,RS,-27.6106,-53.1672,4305157
cerro grande do sul,RS,-30.5905,-51.7418,4305173
cerro largo,RS,-28.1463,-54.7428,4305207
cerro negro,SC,-27.7942,-50.8673,4204178
cesario lange,SP,-23.226,-47.9545,3511607
ceu azul,PR,-25.1489,-53.8415,4105300
cezarina,GO,-16.9718,-49.7758,5205455
cha de alegria,PE,-8.00679,-35.204,2604403
cha grande,PE,-8.23827,-35.4571,2604502
cha preta,AL,-9.2556,-36.2983,2701902
chacara,MG,-21.6733,-43.215,3115904
chale,MG,-20.0453,-41.6897,3116001
chapada,RS,-28.0559,-53.0665,4305306
chapada da natividade,TO,-11.6175,-47.7486,1705102
chapada de areia,TO,-10.1419,-49.1403,1704600
chapada do norte,MG,-17.0881,-42.5392,3116100
chapada dos guimaraes,MT,-15.4643,-55.7499,5103007
chapada gaucha,MG,-15.3014,-45.6116,3116159
chapadao do ceu,GO,-18.4073,-52.549,5205471
chapadao do lageado,SC,-27.5905,-49.5539,4204194
chapadao do sul,MS,-18.788,-52.6263,5002951
chapadinha,MA,-3.73875,-43.3538,2103208
chapeco,SC,-27.1004,-52.6152,4204202
charqueada,SP,-22.5096,-47.7755,3511706
charqueadas,RS,-29.9625,-51.6289,4305355
charrua,RS,-27.9493,-52.015,4305371
chaval,CE,-3.03571,-41.2435,2303907
chavantes,SP,-23.0366,-49.7096,3557204
chaves,PA,-0.164154,-49.987,1502509
chiador,MG,-21.9996,-43.0617,3116209
chiapetta,RS,-27.923,-53.9419,4305405
chopinzinho,PR,-25.8515,-52.5173,4105409
choro,CE,-4.83906,-39.1344,2303931
chorozinho,CE,-4.28873,-38.4986,2303956
chorrocho,BA,-8.9695,-39.0979,2907707
chui,RS,-33.6866,-53.4594,4305439
chupinguaia,RO,-12.5611,-60.8877,1100924
chuvisca,RS,-30.7504,-51.9737,4305447
cianorte,PR,-23.6599,-52.6054,4105508
cicero dantas,BA,-10.5897,-38.3794,2907806
cidade gaucha,PR,-23.3772,-52.9436,4105607
cidade ocidental,GO,-16.0765,-47.9252,5205497
cidelandia,MA,-5.17465,-47.7781,2103257
cidreira,RS,-30.1604,-50.2337,4305454
cipo,BA,-11.1032,-38.5179,2907905
cipotanea,MG,-20.9026,-43.3629,3116308
ciriaco,RS,-28.3419,-51.8741,4305504
claraval,MG,-20.397,-47.2768,3116407
claro dos pocoes,MG,-17.082,-44.2061,3116506
claudia,MT,-11.5075,-54.8835,5103056
claudio,MG,-20.4437,-44.7673,3116605
clementina,SP,-21.5604,-50.4525,3511904
clevelandia,PR,-26.4043,-52.3508,4105706
coaraci,BA,-14.637,-39.5556,2908002
coari,AM,-4.09412,-63.1441,1301209
cocal,PI,-3.47279,-41.5546,2202703
cocal de telha,PI,-4.5571,-41.9587,2202711
cocal do sul,SC,-28.5986,-49.3335,4204251
cocal dos alves,PI,-3.62047,-41.4402,2202729
cocalinho,MT,-14.3903,-51.0001,5103106
cocalzinho de goias,GO,-15.7914,-48.7747,5205513
cocos,BA,-14.1814,-44.5352,2908101
codajas,AM,-3.83053,-62.0658,1301308
codo,MA,-4.45562,-43.8924,2103307
coelho neto,MA,-4.25245,-43.0108,2103406
coimbra,MG,-20.8535,-42.8008,3116704
coite do noia,AL,-9.63348,-36.5845,2702009
coivaras,PI,-5.09224,-42.208,2202737
colares,PA,-0.936423,-48.2803,1502608
colatina,ES,-19.5493,-40.6269,3201506
colider,MT,-10.8135,-55.461,5103205
colina,SP,-20.7114,-48.5387,3512001
colinas,RS,-29.3948,-51.8556,4305587
colinas,MA,-6.03199,-44.2543,2103505
colinas do sul,GO,-14.1528,-48.076,5205521
colinas do tocantins,TO,-8.05764,-48.4757,1705508
colmeia,TO,-8.72463,-48.7638,1716703
colniza,MT,-9.46121,-59.2252,5103254
colombia,SP,-20.1768,-48.6865,3512100
colombo,PR,-25.2925,-49.2262,4105805
colonia do gurgueia,PI,-8.1837,-43.794,2202752
colonia do piaui,PI,-7.22651,-42.1756,2202778
colonia leopoldina,AL,-8.91806,-35.7214,2702108
colorado,RS,-28.5258,-52.9928,4305603
colorado,PR,-22.8374,-51.9743,4105904
colorado do oeste,RO,-13.1174,-60.5454,1100064
coluna,MG,-18.2311,-42.8352,3116803
combinado,TO,-12.7917,-46.5388,1705557
comendador gomes,MG,-19.6973,-49.0789,3116902
comendador levy gasparian,RJ,-22.0404,-43.214,3300951
comercinho,MG,-16.2963,-41.7945,3117009
comodoro,MT,-13.6614,-59.7848,5103304
conceicao,PB,-7.55106,-38.5014,2504405
conceicao da aparecida,MG,-21.096,-46.2049,3117108
conceicao da barra,ES,-18.5883,-39.7362,3201605
conceicao da barra de minas,MG,-21.1316,-44.4729,3115201
conceicao da feira,BA,-12.5078,-38.9978,2908200
conceicao das alagoas,MG,-19.9172,-48.3839,3117306
conceicao das pedras,MG,-22.1576,-45.4562,3117207
conceicao de ipanema,MG,-19.9326,-41.6908,3117405
conceicao de macabu,RJ,-22.0834,-41.8719,3301405
conceicao do almeida,BA,-12.7836,-39.1715,2908309
conceicao do araguaia,PA,-8.26136,-49.2689,1502707
conceicao do caninde,PI,-7.87638,-41.5942,2202802
conceicao do castelo,ES,-20.3639,-41.2417,3201704
conceicao do coite,BA,-11.56,-39.2808,2908408
conceicao do jacuipe,BA,-12.3268,-38.7684,2908507
conceicao do lago-acu,MA,-3.85142,-44.8895,2103554
conceicao do mato dentro,MG,-19.0344,-43.4221,3117504
conceicao do para,MG,-19.7456,-44.8945,3117603
conceicao do rio verde,MG,-21.8778,-45.087,3117702
conceicao do tocantins,TO,-12.2209,-47.2951,1705607
conceicao dos ouros,MG,-22.4078,-45.7996,3117801
conchal,SP,-22.3375,-47.1729,3512209
conchas,SP,-23.0154,-48.0134,3512308
concordia,SC,-27.2335,-52.026,4204301
concordia do para,PA,-1.99238,-47.9422,1502756
condado,PB,-6.89831,-37.606,2504504
condado,PE,-7.58787,-35.0999,2604601
conde,PB,-7.25746,-34.8999,2504603
conde,BA,-11.8179,-37.6131,2908606
condeuba,BA,-14.9022,-41.9718,2908705
condor,RS,-28.2075,-53.4905,4305702
conego marinho,MG,-15.2892,-44.4181,3117836
confins,MG,-19.6282,-43.9931,3117876
confresa,MT,-10.6437,-51.5699,5103353
congo,PB,-7.79078,-36.6581,2504702
congonhal,MG,-22.1488,-46.043,3117900
congonhas,MG,-20.4958,-43.851,3118007
congonhas do norte,MG,-18.8021,-43.6767,3118106
congonhinhas,PR,-23.5493,-50.5569,4106001
conquista,MG,-19.9312,-47.5492,3118205
conquista d'oeste,MT,-14.5381,-59.5444,5103361
conselheiro lafaiete,MG,-20.6634,-43.7846,3118304
conselheiro mairinck,PR,-23.623,-50.1707,4106100
conselheiro pena,MG,-19.1789,-41.4736,3118403
consolacao,MG,-22.5493,-45.9255,3118502
constantina,RS,-27.732,-52.9938,4305801
contagem,MG,-19.9321,-44.0539,3118601
contenda,PR,-25.6788,-49.535,4106209
contendas do sincora,BA,-13.7537,-41.048,2908804
coqueiral,MG,-21.1858,-45.4366,3118700
coqueiro baixo,RS,-29.1802,-52.0942,4305835
coqueiro seco,AL,-9.63715,-35.7994,2702207
coqueiros do sul,RS,-28.1194,-52.7842,4305850
coracao de jesus,MG,-16.6841,-44.3635,3118809
coracao de maria,BA,-12.2333,-38.7487,2908903
corbelia,PR,-24.7971,-53.3006,4106308
cordeiro,RJ,-22.0267,-42.3648,3301504
cordeiropolis,SP,-22.4778,-47.4519,3512407
cordeiros,BA,-15.0356,-41.9308,2909000
cordilheira alta,SC,-26.9844,-52.6056,4204350
cordisburgo,MG,-19.1224,-44.3224,3118908
cordislandia,MG,-21.7891,-45.6999,3119005
coreau,CE,-3.5415,-40.6587,2304004
coremas,PB,-7.00712,-37.9346,2504801
corguinho,MS,-19.8243,-54.8281,5003108
coribe,BA,-13.8232,-44.4586,2909109
corinto,MG,-18.369,-44.4542,3119104
cornelio procopio,PR,-23.1829,-50.6498,4106407
coroaci,MG,-18.6156,-42.2791,3119203
coroados,SP,-21.3521,-50.2859,3512506
coroata,MA,-4.13442,-44.1244,2103604
coromandel,MG,-18.4734,-47.1933,3119302
coronel barros,RS,-28.3921,-54.0686,4305871
coronel bicaco,RS,-27.7197,-53.7022,4305900
coronel domingos soares,PR,-26.2277,-52.0356,4106456
coronel ezequiel,RN,-6.3748,-36.2223,2402808
coronel fabriciano,MG,-19.5179,-42.6276,3119401
coronel freitas,SC,-26.9057,-52.7011,4204400
coronel joao pessoa,RN,-6.24974,-38.4441,2402907
coronel joao sa,BA,-10.2847,-37.9198,2909208
coronel jose dias,PI,-8.81397,-42.5232,2202851
coronel macedo,SP,-23.6261,-49.31,3512605
coronel martins,SC,-26.511,-52.6694,4204459
coronel murta,MG,-16.6148,-42.184,3119500
coronel pacheco,MG,-21.5898,-43.256,3119609
coronel pilar,RS,-29.2695,-51.6847,4305934
coronel sapucaia,MS,-23.2724,-55.5278,5003157
coronel vivida,PR,-25.9767,-52.5641,4106506
coronel xavier chaves,MG,-21.0277,-44.2206,3119708
corrego danta,MG,-19.8198,-45.9032,3119807
corrego do bom jesus,MG,-22.6269,-46.0241,3119906
corrego do ouro,GO,-16.2918,-50.5503,5205703
corrego fundo,MG,-20.4474,-45.5617,3119955
corrego novo,MG,-19.8361,-42.3988,3120003
correia pinto,SC,-27.5877,-50.3614,4204558
corrente,PI,-10.4333,-45.1633,2202901
correntes,PE,-9.12117,-36.3244,2604700
correntina,BA,-13.3477,-44.6333,2909307
cortes,PE,-8.47443,-35.5468,2604809
corumba,MS,-19.0077,-57.651,5003207
corumba de goias,GO,-15.9245,-48.8117,5205802
corumbaiba,GO,-18.1415,-48.5626,5205901
corumbatai,SP,-22.2213,-47.6215,3512704
corumbatai do sul,PR,-24.101,-52.1177,4106555
corumbiara,RO,-12.9551,-60.8947,1100072
corupa,SC,-26.4246,-49.246,4204509
coruripe,AL,-10.1276,-36.1717,2702306
cosmopolis,SP,-22.6419,-47.1926,3512803
cosmorama,SP,-20.4755,-49.7827,3512902
costa marques,RO,-12.4367,-64.228,1100080
costa rica,MS,-18.5432,-53.1287,5003256
cotegipe,BA,-12.0228,-44.2566,2909406
cotia,SP,-23.6022,-46.919,3513009
cotipora,RS,-28.9891,-51.6971,4305959
cotriguacu,MT,-9.85656,-58.4192,5103379
couto de magalhaes de minas,MG,-18.0727,-43.4648,3120102
couto magalhaes,TO,-8.28411,-49.2473,1706001
coxilha,RS,-28.128,-52.3023,4305975
coxim,MS,-18.5013,-54.751,5003306
coxixola,PB,-7.62365,-36.6064,2504850
craibas,AL,-9.6178,-36.7697,2702355
crateus,CE,-5.16768,-40.6536,2304103
crato,CE,-7.2153,-39.4103,2304202
cravinhos,SP,-21.338,-47.7324,3513108
cravolandia,BA,-13.3531,-39.8031,2909505
criciuma,SC,-28.6723,-49.3729,4204608
crisolita,MG,-17.2381,-40.9184,3120151
crisopolis,BA,-11.5059,-38.1515,2909604
crissiumal,RS,-27.4999,-54.0994,4306007
cristais,MG,-20.8733,-45.5167,3120201
cristais paulista,SP,-20.4036,-47.4209,3513207
cristal,RS,-31.0046,-52.0436,4306056
cristal do sul,RS,-27.452,-53.2422,4306072
cristalandia,TO,-10.5985,-49.1942,1706100
cristalandia do piaui,PI,-10.6443,-45.1893,2203008
cristalia,MG,-16.716,-42.8571,3120300
cristalina,GO,-16.7676,-47.6131,5206206
cristiano otoni,MG,-20.8324,-43.8166,3120409
cristianopolis,GO,-17.1987,-48.7034,5206305
cristina,MG,-22.208,-45.2673,3120508
cristinapolis,SE,-11.4668,-37.7585,2801702
cristino castro,PI,-8.82273,-44.223,2203107
cristopolis,BA,-12.2249,-44.4214,2909703
crixas,GO,-14.5412,-49.974,5206404
crixas do tocantins,TO,-11.0994,-48.9152,1706258
croata,CE,-4.40481,-40.9022,2304236
crominia,GO,-17.2883,-49.3798,5206503
crucilandia,MG,-20.3923,-44.3334,3120607
cruz,CE,-2.91813,-40.176,2304251
cruz alta,RS,-28.645,-53.6048,4306106
cruz das almas,BA,-12.6675,-39.1008,2909802
cruz do espirito santo,PB,-7.13902,-35.0857,2504900
cruz machado,PR,-26.0166,-51.343,4106803
cruzalia,SP,-22.7373,-50.7909,3513306
cruzaltense,RS,-27.6672,-52.6522,4306130
cruzeiro,SP,-22.5728,-44.969,3513405
cruzeiro da fortaleza,MG,-18.944,-46.6669,3120706
cruzeiro do iguacu,PR,-25.6192,-53.1285,4106571
cruzeiro do oeste,PR,-23.7799,-53.0774,4106605
cruzeiro do sul,PR,-22.9624,-52.1622,4106704
cruzeiro do sul,RS,-29.5148,-51.9928,4306205
cruzeiro do sul,AC,-7.62762,-72.6756,1200203
cruzeta,RN,-6.40894,-36.7782,2403004
cruzilia,MG,-21.84,-44.8067,3120805
cruzmaltina,PR,-24.0132,-51.4563,4106852
cubatao,SP,-23.8911,-46.424,3513504
cubati,PB,-6.86686,-36.3619,2505006
cuiaba,MT,-15.601,-56.0974,5103403
cuite,PB,-6.47647,-36.1515,2505105
cuite de mamanguape,PB,-6.91292,-35.2502,2505238
cuitegi,PB,-6.89058,-35.5215,2505204
cujubim,RO,-9.36065,-62.5846,1100940
cumari,GO,-18.2644,-48.1511,5206602
cumaru,PE,-8.00827,-35.6957,2604908
cumaru do norte,PA,-7.81097,-50.7698,1502764
cumbe,SE,-10.352,-37.1846,2801900
cunha,SP,-23.0731,-44.9576,3513603
cunha pora,SC,-26.895,-53.1662,4204707
cunhatai,SC,-26.9709,-53.0895,4204756
cuparaque,MG,-18.9648,-41.0986,3120839
cupira,PE,-8.62432,-35.9518,2605004
curaca,BA,-8.98458,-39.8997,2909901
curimata,PI,-10.0326,-44.3002,2203206
curionopolis,PA,-6.09965,-49.6068,1502772
curitiba,PR,-25.4195,-49.2646,4106902
curitibanos,SC,-27.2824,-50.5816,4204806
curiuva,PR,-24.0362,-50.4576,4107009
currais,PI,-9.01175,-44.4062,2203230
currais novos,RN,-6.25484,-36.5146,2403103
curral de cima,PB,-6.72325,-35.2639,2505279
curral de dentro,MG,-15.9327,-41.8557,3120870
curral novo do piaui,PI,-7.8313,-40.8957,2203271
curral velho,PB,-7.53075,-38.1962,2505303
curralinho,PA,-1.81179,-49.7952,1502806
curralinhos,PI,-5.60825,-42.8376,2203255
curua,PA,-1.88775,-55.1168,1502855
curuca,PA,-0.733214,-47.8515,1502905
cururupu,MA,-1.81475,-44.8644,2103703
curvelandia,MT,-15.6084,-57.9133,5103437
curvelo,MG,-18.7527,-44.4303,3120904
custodia,PE,-8.08546,-37.6443,2605103
cutias,AP,0.970761,-50.8005,1600212
damianopolis,GO,-14.5604,-46.178,5206701
damiao,PB,-6.63161,-35.9101,2505352
damolandia,GO,-16.2544,-49.3631,5206800
darcinopolis,TO,-6.71591,-47.7597,1706506
dario meira,BA,-14.4229,-39.9031,2910008
datas,MG,-18.4478,-43.6591,3121001
david canabarro,RS,-28.3849,-51.8482,4306304
davinopolis,MA,-5.54637,-47.4217,2103752
davinopolis,GO,-18.1501,-47.5568,5206909
delfim moreira,MG,-22.5036,-45.2792,3121100
delfinopolis,MG,-20.3468,-46.8456,3121209
delmiro gouveia,AL,-9.38534,-37.9987,2702405
delta,MG,-19.9721,-47.7841,3121258
demerval lobao,PI,-5.35875,-42.6776,2203305
denise,MT,-14.7324,-57.0583,5103452
deodapolis,MS,-22.2763,-54.1682,5003454
deputado irapuan pinheiro,CE,-5.91485,-39.257,2304269
derrubadas,RS,-27.2642,-53.8645,4306320
descalvado,SP,-21.9002,-47.6181,3513702
descanso,SC,-26.827,-53.5034,4204905
descoberto,MG,-21.46,-42.9618,3121308
desterro,PB,-7.287,-37.0925,2505402
desterro de entre rios,MG,-20.665,-44.3334,3121407
desterro do melo,MG,-21.143,-43.5178,3121506
dezesseis de novembro,RS,-28.219,-55.0617,4306353
diadema,SP,-23.6813,-46.6205,3513801
diamante,PB,-7.41738,-38.2615,2505600
diamante d'oeste,PR,-24.9419,-54.1052,4107157
diamante do norte,PR,-22.655,-52.8617,4107108
diamante do sul,PR,-25.035,-52.6768,4107124
diamantina,MG,-18.2413,-43.6031,3121605
diamantino,MT,-14.4037,-56.4366,5103502
dianopolis,TO,-11.624,-46.8198,1707009
dias d'avila,BA,-12.6187,-38.2926,2910057
dilermando de aguiar,RS,-29.7054,-54.2122,4306379
diogo de vasconcelos,MG,-20.4879,-43.1953,3121704
dionisio,MG,-19.8433,-42.7701,3121803
dionisio cerqueira,SC,-26.2648,-53.6351,4205001
diorama,GO,-16.2329,-51.2543,5207105
dirce reis,SP,-20.4642,-50.6073,3513850
dirceu arcoverde,PI,-9.33939,-42.4348,2203354
divina pastora,SE,-10.6782,-37.1506,2802007
divinesia,MG,-20.9917,-43.0003,3121902
divino,MG,-20.6134,-42.1438,3122009
divino das laranjeiras,MG,-18.7755,-41.4781,3122108
divino de sao lourenco,ES,-20.6229,-41.6937,3201803
divinolandia,SP,-21.6637,-46.7361,3513900
divinolandia de minas,MG,-18.8004,-42.6103,3122207
divinopolis,MG,-20.1446,-44.8912,3122306
divinopolis de goias,GO,-13.2853,-46.3999,5208301
divinopolis do tocantins,TO,-9.80018,-49.2169,1707108
divisa alegre,MG,-15.7221,-41.3463,3122355
divisa nova,MG,-21.5092,-46.1904,3122405
divisopolis,MG,-15.7254,-40.9997,3122454
dobrada,SP,-21.5155,-48.3935,3514007
dois corregos,SP,-22.3673,-48.3819,3514106
dois irmaos,RS,-29.5836,-51.0898,4306403
dois irmaos das missoes,RS,-27.6621,-53.5304,4306429
dois irmaos do buriti,MS,-20.6848,-55.2915,5003488
dois irmaos do tocantins,TO,-9.25534,-49.0638,1707207
dois lajeados,RS,-28.983,-51.8396,4306452
dois riachos,AL,-9.38465,-37.0965,2702504
dois vizinhos,PR,-25.7407,-53.057,4107207
dolcinopolis,SP,-20.124,-50.5149,3514205
dom aquino,MT,-15.8099,-54.9223,5103601
dom basilio,BA,-13.7565,-41.7677,2910107
dom bosco,MG,-16.652,-46.2597,3122470
dom cavati,MG,-19.3735,-42.1121,3122504
dom eliseu,PA,-4.19944,-47.8245,1502939
dom expedito lopes,PI,-6.95332,-41.6396,2203404
dom feliciano,RS,-30.7004,-52.1026,4306502
dom inocencio,PI,-9.00516,-41.9697,2203453
dom joaquim,MG,-18.961,-43.2544,3122603
dom macedo costa,BA,-12.9016,-39.1923,2910206
dom pedrito,RS,-30.9756,-54.6694,4306601
dom pedro,MA,-5.03518,-44.4409,2103802
dom pedro de alcantara,RS,-29.3639,-49.853,4306551
dom silverio,MG,-20.1627,-42.9627,3122702
dom vicoso,MG,-22.2511,-45.1643,3122801
domingos martins,ES,-20.3603,-40.6594,3201902
domingos mourao,PI,-4.2495,-41.2683,2203420
dona emma,SC,-26.981,-49.7261,4205100
dona eusebia,MG,-21.319,-42.807,3122900
dona francisca,RS,-29.6195,-53.3617,4306700
dona ines,PB,-6.61566,-35.6205,2505709
dores de campos,MG,-21.1139,-44.0207,3123007
dores de guanhaes,MG,-19.0516,-42.9254,3123106
dores do indaia,MG,-19.4628,-45.5927,3123205
dores do rio preto,ES,-20.6931,-41.8405,3202009
dores do turvo,MG,-20.9785,-43.1834,3123304
doresopolis,MG,-20.2868,-45.9007,3123403
dormentes,PE,-8.44116,-40.7662,2605152
douradina,MS,-22.0405,-54.6158,5003504
douradina,PR,-23.3807,-53.2918,4107256
dourado,SP,-22.1044,-48.3178,3514304
douradoquara,MG,-18.4338,-47.5993,3123502
dourados,MS,-22.2231,-54.812,5003702
doutor camargo,PR,-23.5582,-52.2178,4107306
doutor mauricio cardoso,RS,-27.5103,-54.3577,4306734
doutor pedrinho,SC,-26.7174,-49.4795,4205159
doutor ricardo,RS,-29.084,-51.9972,4306759
doutor severiano,RN,-6.08082,-38.3794,2403202
doutor ulysses,PR,-24.5665,-49.4219,4128633
doverlandia,GO,-16.7188,-52.3189,5207253
dracena,SP,-21.4843,-51.535,3514403
duartina,SP,-22.4146,-49.4084,3514502
duas barras,RJ,-22.0536,-42.5232,3301603
duas estradas,PB,-6.68499,-35.418,2505808
duere,TO,-11.3416,-49.2716,1707306
dumont,SP,-21.2324,-47.9756,3514601
duque bacelar,MA,-4.15002,-42.9477,2103901
duque de caxias,RJ,-22.7858,-43.3049,3301702
durande,MG,-20.2058,-41.7977,3123528
echapora,SP,-22.4326,-50.2038,3514700
ecoporanga,ES,-18.3702,-40.836,3202108
edealina,GO,-17.4239,-49.6644,5207352
edeia,GO,-17.3406,-49.9295,5207402
eirunepe,AM,-6.65677,-69.8662,1301407
eldorado,MS,-23.7868,-54.2838,5003751
eldorado,SP,-24.5281,-48.1141,3514809
eldorado do carajas,PA,-6.10389,-49.3553,1502954
eldorado do sul,RS,-30.0847,-51.6187,4306767
elesbao veloso,PI,-6.19947,-42.1355,2203503
elias fausto,SP,-23.0428,-47.3682,3514908
eliseu martins,PI,-8.09629,-43.6705,2203602
elisiario,SP,-21.1678,-49.1146,3514924
elisio medrado,BA,-12.9417,-39.5191,2910305
eloi mendes,MG,-21.6088,-45.5691,3123601
emas,PB,-7.09964,-37.7163,2505907
embauba,SP,-20.9796,-48.8325,3514957
embu das artes,SP,-23.6437,-46.8579,3515004
embu-guacu,SP,-23.8297,-46.8136,3515103
emilianopolis,SP,-21.8314,-51.4832,3515129
encantado,RS,-29.2351,-51.8703,4306809
encanto,RN,-6.10691,-38.3033,2403301
encruzilhada,BA,-15.5302,-40.9124,2910404
encruzilhada do sul,RS,-30.543,-52.5204,4306908
eneas marques,PR,-25.9445,-53.1659,4107405
engenheiro beltrao,PR,-23.797,-52.2659,4107504
engenheiro caldas,MG,-19.2065,-42.0503,3123700
engenheiro coelho,SP,-22.4836,-47.211,3515152
engenheiro navarro,MG,-17.2831,-43.947,3123809
engenheiro paulo de frontin,RJ,-22.5498,-43.6827,3301801
engenho velho,RS,-27.706,-52.9145,4306924
entre folhas,MG,-19.6218,-42.2306,3123858
entre rios,BA,-11.9392,-38.0871,2910503
entre rios,SC,-26.7225,-52.5585,4205175
entre rios de minas,MG,-20.6706,-44.0654,3123908
entre rios do oeste,PR,-24.7042,-54.2385,4107538
entre rios do sul,RS,-27.5298,-52.7347,4306957
entre-ijuis,RS,-28.3686,-54.2686,4306932
envira,AM,-7.43789,-70.0281,1301506
epitaciolandia,AC,-11.0188,-68.7341,1200252
equador,RN,-6.93835,-36.717,2403400
erebango,RS,-27.8544,-52.3005,4306973
erechim,RS,-27.6364,-52.2697,4307005
erere,CE,-6.02751,-38.3461,2304277
erico cardoso,BA,-13.4215,-42.1352,2900504
ermo,SC,-28.9869,-49.643,4205191
ernestina,RS,-28.4977,-52.5836,4307054
erval grande,RS,-27.3926,-52.574,4307203
erval seco,RS,-27.5443,-53.5005,4307302
erval velho,SC,-27.2743,-51.443,4205209
ervalia,MG,-20.8403,-42.6544,3124005
escada,PE,-8.35672,-35.2241,2605202
esmeralda,RS,-28.0518,-51.1933,4307401
esmeraldas,MG,-19.764,-44.3065,3124104
espera feliz,MG,-20.6508,-41.9119,3124203
esperanca,PB,-7.02278,-35.8597,2506004
esperanca do sul,RS,-27.3603,-53.9891,4307450
esperanca nova,PR,-23.7238,-53.811,4107520
esperantina,TO,-5.36593,-48.5378,1707405
esperantina,PI,-3.88863,-42.2324,2203701
esperantinopolis,MA,-4.87938,-44.6926,2104008
espigao alto do iguacu,PR,-25.4216,-52.8348,4107546
espigao d'oeste,RO,-11.5266,-61.0252,1100098
espinosa,MG,-14.9249,-42.809,3124302
espirito santo,RN,-6.33563,-35.3052,2403509
espirito santo do dourado,MG,-22.0454,-45.9548,3124401
espirito santo do pinhal,SP,-22.1909,-46.7477,3515186
espirito santo do turvo,SP,-22.6925,-49.4341,3515194
esplanada,BA,-11.7942,-37.9432,2910602
espumoso,RS,-28.7286,-52.8461,4307500
estacao,RS,-27.9135,-52.2635,4307559
estancia,SE,-11.2659,-37.4484,2802106
estancia velha,RS,-29.6535,-51.1843,4307609
esteio,RS,-29.852,-51.1841,4307708
estiva,MG,-22.4577,-46.0191,3124500
estiva gerbi,SP,-22.2713,-46.9481,3557303
estreito,MA,-6.56077,-47.4431,2104057
estrela,RS,-29.5002,-51.9495,4307807
estrela d'oeste,SP,-20.2875,-50.4049,3515202
estrela dalva,MG,-21.7412,-42.4574,3124609
estrela de alagoas,AL,-9.39089,-36.7644,2702553
estrela do indaia,MG,-19.5169,-45.7859,3124708
estrela do norte,GO,-13.8665,-49.0716,5207501
estrela do norte,SP,-22.4859,-51.6632,3515301
estrela do sul,MG,-18.7399,-47.6956,3124807
estrela velha,RS,-29.1713,-53.1639,4307815
euclides da cunha,BA,-10.5078,-39.0153,2910701
euclides da cunha paulista,SP,-22.5545,-52.5928,3515350
eugenio de castro,RS,-28.5315,-54.1506,4307831
eugenopolis,MG,-21.1002,-42.1878,3124906
eunapolis,BA,-16.3715,-39.5821,2910727
eusebio,CE,-3.8925,-38.4559,2304285
ewbank da camara,MG,-21.5498,-43.5068,3125002
extrema,MG,-22.854,-46.3178,3125101
extremoz,RN,-5.70143,-35.3048,2403608
exu,PE,-7.50364,-39.7238,2605301
fagundes,PB,-7.34454,-35.7931,2506103
fagundes varela,RS,-28.8794,-51.7014,4307864
faina,GO,-15.4473,-50.3622,5207535
fama,MG,-21.4089,-45.8286,3125200
faria lemos,MG,-20.8097,-42.0213,3125309
farias brito,CE,-6.92146,-39.5651,2304301
faro,PA,-2.16805,-56.7405,1503002
farol,PR,-24.0958,-52.6217,4107553
farroupilha,RS,-29.2227,-51.3419,4307906
fartura,SP,-23.3916,-49.5124,3515400
fartura do piaui,PI,-9.48342,-42.7912,2203750
fatima,TO,-10.7603,-48.9076,1707553
fatima,BA,-10.616,-38.2239,2910750
fatima do sul,MS,-22.3789,-54.5131,5003801
faxinal,PR,-24.0077,-51.3227,4107603
faxinal do soturno,RS,-29.5788,-53.4484,4308003
faxinal dos guedes,SC,-26.8451,-52.2596,4205308
faxinalzinho,RS,-27.4238,-52.6789,4308052
fazenda nova,GO,-16.1834,-50.7781,5207600
fazenda rio grande,PR,-25.6624,-49.3073,4107652
fazenda vilanova,RS,-29.5885,-51.8217,4308078
feijo,AC,-8.17054,-70.351,1200302
feira da mata,BA,-14.2044,-44.2744,2910776
feira de santana,BA,-12.2664,-38.9663,2910800
feira grande,AL,-9.89859,-36.6815,2702603
feira nova,PE,-7.94704,-35.3801,2605400
feira nova,SE,-10.2616,-37.3147,2802205
feira nova do maranhao,MA,-6.96508,-46.6786,2104073
felicio dos santos,MG,-18.0755,-43.2422,3125408
felipe guerra,RN,-5.59274,-37.6875,2403707
felisburgo,MG,-16.6348,-40.7605,3125606
felixlandia,MG,-18.7507,-44.9004,3125705
feliz,RS,-29.4527,-51.3032,4308102
feliz deserto,AL,-10.2935,-36.3028,2702702
feliz natal,MT,-12.385,-54.9227,5103700
fenix,PR,-23.9135,-51.9805,4107702
fernandes pinheiro,PR,-25.4107,-50.5456,4107736
fernandes tourinho,MG,-19.1541,-42.0803,3125804
fernando de noronha,PE,-3.8396,-32.4107,2605459
fernando falcao,MA,-6.16207,-44.8979,2104081
fernando pedroza,RN,-5.69096,-36.5282,2403756
fernando prestes,SP,-21.2661,-48.6874,3515608
fernandopolis,SP,-20.2806,-50.2471,3515509
fernao,SP,-22.3607,-49.5187,3515657
ferraz de vasconcelos,SP,-23.5411,-46.371,3515707
ferreira gomes,AP,0.857256,-51.1795,1600238
ferreiros,PE,-7.44666,-35.2373,2605509
ferros,MG,-19.2343,-43.0192,3125903
fervedouro,MG,-20.726,-42.279,3125952
figueira,PR,-23.8455,-50.4031,4107751
figueirao,MS,-18.6782,-53.638,5003900
figueiropolis,TO,-12.1312,-49.1748,1707652
figueiropolis d'oeste,MT,-15.4439,-58.7391,5103809
filadelfia,TO,-7.33501,-47.4954,1707702
filadelfia,BA,-10.7405,-40.1437,2910859
firmino alves,BA,-14.9823,-39.9269,2910909
firminopolis,GO,-16.5778,-50.304,5207808
flexeiras,AL,-9.27281,-35.7139,2702801
flor da serra do sul,PR,-26.2523,-53.3092,4107850
flor do sertao,SC,-26.7811,-53.3505,4205357
flora rica,SP,-21.6727,-51.3821,3515806
florai,PR,-23.3178,-52.3029,4107801
florania,RN,-6.12264,-36.8226,2403806
floreal,SP,-20.6752,-50.1513,3515905
flores,PE,-7.85842,-37.9715,2605608
flores da cunha,RS,-29.0261,-51.1875,4308201
flores de goias,GO,-14.4451,-47.0417,5207907
flores do piaui,PI,-7.78793,-42.918,2203800
floresta,PR,-23.6031,-52.0807,4107900
floresta,PE,-8.60307,-38.5687,2605707
floresta azul,BA,-14.8629,-39.6579,2911006
floresta do araguaia,PA,-7.55335,-49.7125,1503044
floresta do piaui,PI,-7.46682,-41.7883,2203859
florestal,MG,-19.888,-44.4318,3126000
florestopolis,PR,-22.8623,-51.3882,4108007
floriano,PI,-6.77182,-43.0241,2203909
floriano peixoto,RS,-27.8614,-52.0838,4308250
florianopolis,SC,-27.5945,-48.5477,4205407
florida,PR,-23.0847,-51.9546,4108106
florida paulista,SP,-21.6127,-51.1724,3516002
florinia,SP,-22.868,-50.6814,3516101
fonte boa,AM,-2.52342,-66.0942,1301605
fontoura xavier,RS,-28.9817,-52.3445,4308300
formiga,MG,-20.4618,-45.4268,3126109
formigueiro,RS,-30.0035,-53.4959,4308409
formosa,GO,-15.54,-47.337,5208004
formosa da serra negra,MA,-6.44017,-46.1916,2104099
formosa do oeste,PR,-24.2951,-53.3114,4108205
formosa do rio preto,BA,-11.0328,-45.193,2911105
formosa do sul,SC,-26.6453,-52.7946,4205431
formoso,GO,-13.6499,-48.8775,5208103
formoso,MG,-14.9446,-46.2371,3126208
formoso do araguaia,TO,-11.7976,-49.5316,1708205
forquetinha,RS,-29.3828,-52.0981,4308433
forquilha,CE,-3.79945,-40.2634,2304350
forquilhinha,SC,-28.7454,-49.4785,4205456
fortaleza,CE,-3.71664,-38.5423,2304400
fortaleza de minas,MG,-20.8508,-46.712,3126307
fortaleza do tabocao,TO,-9.05611,-48.5206,1708254
fortaleza dos nogueiras,MA,-6.95983,-46.1749,2104107
fortaleza dos valos,RS,-28.7986,-53.2249,4308458
fortim,CE,-4.45126,-37.7981,2304459
fortuna,MA,-5.72792,-44.1565,2104206
fortuna de minas,MG,-19.5578,-44.4472,3126406
foz do iguacu,PR,-25.5427,-54.5827,4108304
foz do jordao,PR,-25.7371,-52.1188,4108452
fraiburgo,SC,-27.0233,-50.92,4205506
franca,SP,-20.5352,-47.4039,3516200
francinopolis,PI,-6.39334,-42.2591,2204006
francisco alves,PR,-24.0667,-53.8461,4108320
francisco ayres,PI,-6.62606,-42.6881,2204105
francisco badaro,MG,-16.9883,-42.3568,3126505
francisco beltrao,PR,-26.0817,-53.0535,4108403
francisco dantas,RN,-6.07234,-38.1212,2403905
francisco dumont,MG,-17.3107,-44.2317,3126604
francisco macedo,PI,-7.331,-40.788,2204154
francisco morato,SP,-23.2792,-46.7448,3516309
francisco sa,MG,-16.4827,-43.4896,3126703
francisco santos,PI,-6.99491,-41.1288,2204204
franciscopolis,MG,-17.9578,-42.0094,3126752
franco da rocha,SP,-23.3229,-46.729,3516408
frecheirinha,CE,-3.75557,-40.818,2304509
frederico westphalen,RS,-27.3586,-53.3958,4308508
frei gaspar,MG,-18.0709,-41.4325,3126802
frei inocencio,MG,-18.5556,-41.9121,3126901
frei lagonegro,MG,-18.1751,-42.7617,3126950
frei martinho,PB,-6.39759,-36.4526,2506202
frei miguelinho,PE,-7.93918,-35.9113,2605806
frei paulo,SE,-10.5513,-37.5279,2802304
frei rogerio,SC,-27.175,-50.8076,4205555
fronteira,MG,-20.2748,-49.1984,3127008
fronteira dos vales,MG,-16.8898,-40.923,3127057
fronteiras,PI,-7.08173,-40.6146,2204303
fruta de leite,MG,-16.1225,-42.5288,3127073
frutal,MG,-20.0259,-48.9355,3127107
frutuoso gomes,RN,-6.15669,-37.8375,2404002
fundao,ES,-19.937,-40.4078,3202207
funilandia,MG,-19.3661,-44.061,3127206
gabriel monteiro,SP,-21.5294,-50.5573,3516507
gado bravo,PB,-7.58279,-35.7899,2506251
galia,SP,-22.2918,-49.5504,3516606
galileia,MG,-19.0005,-41.5387,3127305
galinhos,RN,-5.0909,-36.2754,2404101
galvao,SC,-26.4549,-52.6875,4205605
gameleira,PE,-8.5798,-35.3846,2605905
gameleira de goias,GO,-16.4854,-48.6454,5208152
gameleiras,MG,-15.0829,-43.125,3127339
gandu,BA,-13.7441,-39.4747,2911204
garanhuns,PE,-8.88243,-36.4966,2606002
gararu,SE,-9.9722,-37.0869,2802403
garca,SP,-22.2125,-49.6546,3516705
garibaldi,RS,-29.259,-51.5352,4308607
garopaba,SC,-28.0275,-48.6192,4205704
garrafao do norte,PA,-1.92986,-47.0505,1503077
garruchos,RS,-28.1944,-55.6383,4308656
garuva,SC,-26.0292,-48.852,4205803
gaspar,SC,-26.9336,-48.9534,4205902
gastao vidigal,SP,-20.7948,-50.1912,3516804
gaucha do norte,MT,-13.2443,-53.0809,5103858
gaurama,RS,-27.5856,-52.0915,4308706
gaviao,BA,-11.4688,-39.7757,2911253
gaviao peixoto,SP,-21.8367,-48.4957,3516853
geminiano,PI,-7.15476,-41.3409,2204352
general camara,RS,-29.9032,-51.7612,4308805
general carneiro,MT,-15.7094,-52.7574,5103908
general carneiro,PR,-26.425,-51.3172,4108502
general maynard,SE,-10.6835,-36.9838,2802502
general salgado,SP,-20.6485,-50.364,3516903
general sampaio,CE,-4.04351,-39.454,2304608
gentil,RS,-28.4316,-52.0337,4308854
gentio do ouro,BA,-11.4342,-42.5077,2911303
getulina,SP,-21.7961,-49.9312,3517000
getulio vargas,RS,-27.8911,-52.2294,4308904
gilbues,PI,-9.83001,-45.3423,2204402
girau do ponciano,AL,-9.88404,-36.8316,2702900
girua,RS,-28.0297,-54.3517,4309001
glaucilandia,MG,-16.8481,-43.692,3127354
glicerio,SP,-21.3812,-50.2123,3517109
gloria,BA,-9.34382,-38.2544,2911402
gloria d'oeste,MT,-15.768,-58.3108,5103957
gloria de dourados,MS,-22.4136,-54.2335,5004007
gloria do goita,PE,-8.00568,-35.2904,2606101
glorinha,RS,-29.8798,-50.7734,4309050
godofredo viana,MA,-1.40259,-45.7795,2104305
godoy moreira,PR,-24.173,-51.9246,4108551
goiabeira,MG,-18.9807,-41.2235,3127370
goiana,MG,-21.536,-43.1957,3127388
goiana,PE,-7.5606,-34.9959,2606200
goianapolis,GO,-16.5098,-49.0234,5208400
goiandira,GO,-18.1352,-48.0875,5208509
goianesia,GO,-15.3118,-49.1162,5208608
goianesia do para,PA,-3.84338,-49.0974,1503093
goiania,GO,-16.6864,-49.2643,5208707
goianinha,RN,-6.26486,-35.1943,2404200
goianira,GO,-16.4947,-49.427,5208806
goianorte,TO,-8.77413,-48.9313,1708304
goias,GO,-15.9333,-50.14,5208905
goiatins,TO,-7.71478,-47.3252,1709005
goiatuba,GO,-18.0105,-49.3658,5209101
goioere,PR,-24.1835,-53.0248,4108601
goioxim,PR,-25.1927,-51.9911,4108650
goncalves,MG,-22.6545,-45.8556,3127404
goncalves dias,MA,-5.1475,-44.3013,2104404
gongogi,BA,-14.3195,-39.469,2911501
gonzaga,MG,-18.8196,-42.4769,3127503
gouveia,MG,-18.4519,-43.7423,3127602
gouvelandia,GO,-18.6238,-50.0805,5209150
governador archer,MA,-5.02078,-44.2754,2104503
governador celso ramos,SC,-27.3172,-48.5576,4206009
governador dix-sept rosado,RN,-5.44887,-37.5183,2404309
governador edison lobao,MA,-5.74973,-47.3646,2104552
governador eugenio barros,MA,-5.31897,-44.2469,2104602
governador jorge teixeira,RO,-10.61,-62.7371,1101005
governador lindenberg,ES,-19.1864,-40.4473,3202256
governador luiz rocha,MA,-5.47835,-44.0774,2104628
governador mangabeira,BA,-12.5994,-39.0412,2911600
governador newton bello,MA,-3.43245,-45.6619,2104651
governador nunes freire,MA,-2.12899,-45.8777,2104677
governador valadares,MG,-18.8545,-41.9555,3127701
graca,CE,-4.04422,-40.749,2304657
graca aranha,MA,-5.40547,-44.3358,2104701
gracho cardoso,SE,-10.2252,-37.2006,2802601
grajau,MA,-5.81367,-46.1462,2104800
gramado,RS,-29.3734,-50.8762,4309100
gramado dos loureiros,RS,-27.4429,-52.9149,4309126
gramado xavier,RS,-29.2706,-52.5795,4309159
grandes rios,PR,-24.1466,-51.5094,4108700
granito,PE,-7.70711,-39.615,2606309
granja,CE,-3.12788,-40.8372,2304707
granjeiro,CE,-6.88134,-39.2144,2304806
grao mogol,MG,-16.5662,-42.8923,3127800
grao para,SC,-28.1809,-49.2252,4206108
gravata,PE,-8.21118,-35.5675,2606408
gravatai,RS,-29.9413,-50.9869,4309209
gravatal,SC,-28.3208,-49.0427,4206207
groairas,CE,-3.91787,-40.3852,2304905
grossos,RN,-4.98068,-37.1621,2404408
grupiara,MG,-18.5003,-47.7318,3127909
guabiju,RS,-28.5421,-51.6948,4309258
guabiruba,SC,-27.0808,-48.9804,4206306
guacui,ES,-20.7668,-41.6734,3202306
guadalupe,PI,-6.78285,-43.5594,2204501
guaiba,RS,-30.1086,-51.3233,4309308
guaicara,SP,-21.6195,-49.8013,3517208
guaimbe,SP,-21.9091,-49.8986,3517307
guaira,SP,-20.3196,-48.312,3517406
guaira,PR,-24.085,-54.2573,4108809
guairaca,PR,-22.932,-52.6906,4108908
guaiuba,CE,-4.04057,-38.6404,2304954
guajara,AM,-7.53797,-72.5907,1301654
guajara-mirim,RO,-10.7889,-65.3296,1100106
guajeru,BA,-14.5467,-41.9381,2911659
guamare,RN,-5.10619,-36.3222,2404507
guamiranga,PR,-25.1912,-50.8021,4108957
guanambi,BA,-14.2231,-42.7799,2911709
guanhaes,MG,-18.7713,-42.9312,3128006
guape,MG,-20.7631,-45.9152,3128105
guapiacu,SP,-20.7959,-49.2172,3517505
guapiara,SP,-24.1892,-48.5295,3517604
guapimirim,RJ,-22.5347,-42.9895,3301850
guapirama,PR,-23.5203,-50.0407,4109005
guapo,GO,-16.8297,-49.5345,5209200
guapore,RS,-28.8399,-51.8895,4309407
guaporema,PR,-23.3402,-52.7786,4109104
guara,SP,-20.4302,-47.8236,3517703
guarabira,PB,-6.85064,-35.485,2506301
guaracai,SP,-21.0292,-51.2119,3517802
guaraci,SP,-20.4977,-48.9391,3517901
guaraci,PR,-22.9694,-51.6504,4109203
guaraciaba,MG,-20.5716,-43.0094,3128204
guaraciaba,SC,-26.6042,-53.5243,4206405
guaraciaba do norte,CE,-4.15814,-40.7476,2305001
guaraciama,MG,-17.0142,-43.6675,3128253
guarai,TO,-8.83543,-48.5114,1709302
guaraita,GO,-15.6121,-50.0265,5209291
guaramiranga,CE,-4.26248,-38.932,2305100
guaramirim,SC,-26.4688,-49.0026,4206504
guaranesia,MG,-21.3009,-46.7964,3128303
guarani,MG,-21.3563,-43.0328,3128402
guarani d'oeste,SP,-20.0746,-50.3411,3518008
guarani das missoes,RS,-28.1491,-54.5629,4309506
guarani de goias,GO,-13.9421,-46.4868,5209408
guaraniacu,PR,-25.0968,-52.8755,4109302
guaranta,SP,-21.8942,-49.5914,3518107
guaranta do norte,MT,-9.96218,-54.9121,5104104
guarapari,ES,-20.6772,-40.5093,3202405
guarapuava,PR,-25.3902,-51.4623,4109401
guaraquecaba,PR,-25.3071,-48.3204,4109500
guarara,MG,-21.7304,-43.0334,3128501
guararapes,SP,-21.2544,-50.6453,3518206
guararema,SP,-23.4112,-46.0369,3518305
guaratinga,BA,-16.5833,-39.7847,2911808
guaratingueta,SP,-22.8075,-45.1938,3518404
guaratuba,PR,-25.8817,-48.5752,4109609
guarda-mor,MG,-17.7673,-47.0998,3128600
guarei,SP,-23.3714,-48.1837,3518503
guariba,SP,-21.3594,-48.2316,3518602
guaribas,PI,-9.38647,-43.6943,2204550
guarinos,GO,-14.7292,-49.7006,5209457
guaruja,SP,-23.9888,-46.258,3518701
guaruja do sul,SC,-26.3858,-53.5296,4206603
guarulhos,SP,-23.4538,-46.5333,3518800
guatambu,SC,-27.1341,-52.7887,4206652
guatapara,SP,-21.4944,-48.0356,3518859
guaxupe,MG,-21.305,-46.7081,3128709
guia lopes da laguna,MS,-21.4583,-56.1117,5004106
guidoval,MG,-21.155,-42.7887,3128808
guimaraes,MA,-2.12755,-44.602,2104909
guimarania,MG,-18.8425,-46.7901,3128907
guiratinga,MT,-16.346,-53.7575,5104203
guiricema,MG,-21.0098,-42.7207,3129004
gurinhata,MG,-19.2143,-49.7876,3129103
gurinhem,PB,-7.1233,-35.4222,2506400
gurjao,PB,-7.24833,-36.4923,2506509
gurupa,PA,-1.41412,-51.6338,1503101
gurupi,TO,-11.7279,-49.068,1709500
guzolandia,SP,-20.6467,-50.6645,3518909
harmonia,RS,-29.5456,-51.4185,4309555
heitorai,GO,-15.719,-49.8268,5209606
heliodora,MG,-22.0644,-45.5453,3129202
heliopolis,BA,-10.6825,-38.2907,2911857
herculandia,SP,-22.0038,-50.3907,3519006
herval,RS,-32.024,-53.3944,4307104
herval d'oeste,SC,-27.1903,-51.4917,4206702
herveiras,RS,-29.4552,-52.6553,4309571
hidrolandia,GO,-16.9626,-49.2265,5209705
hidrolandia,CE,-4.40958,-40.4056,2305209
hidrolina,GO,-14.7261,-49.4634,5209804
holambra,SP,-22.6405,-47.0487,3519055
honorio serpa,PR,-26.139,-52.3848,4109658
horizonte,CE,-4.1209,-38.4707,2305233
horizontina,RS,-27.6282,-54.3053,4309605
hortolandia,SP,-22.8529,-47.2143,3519071
hugo napoleao,PI,-5.9886,-42.5598,2204600
hulha negra,RS,-31.4067,-53.8667,4309654
humaita,RS,-27.5691,-53.9695,4309704
humaita,AM,-7.51171,-63.0327,1301704
humberto de campos,MA,-2.59828,-43.4649,2105005
iacanga,SP,-21.8896,-49.031,3519105
iaciara,GO,-14.1011,-46.6335,5209903
iacri,SP,-21.8572,-50.6932,3519204
iacu,BA,-12.7666,-40.2056,2911907
iapu,MG,-19.4387,-42.2147,3129301
iaras,SP,-22.8682,-49.1634,3519253
iati,PE,-9.04559,-36.8498,2606507
ibaiti,PR,-23.8478,-50.1932,4109708
ibarama,RS,-29.4203,-53.1295,4309753
ibaretama,CE,-4.80376,-38.7501,2305266
ibate,SP,-21.9584,-47.9882,3519303
ibateguara,AL,-8.97823,-35.9373,2703007
ibatiba,ES,-20.2347,-41.5087,3202454
ibema,PR,-25.1193,-53.0072,4109757
ibertioga,MG,-21.433,-43.9639,3129400
ibia,MG,-19.4749,-46.5474,3129509
ibiaca,RS,-28.0566,-51.8599,4309803
ibiai,MG,-16.8591,-44.9046,3129608
ibiam,SC,-27.1847,-51.2352,4206751
ibiapina,CE,-3.92403,-40.8911,2305308
ibiara,PB,-7.47957,-38.4059,2506608
ibiassuce,BA,-14.2711,-42.257,2912004
ibicarai,BA,-14.8579,-39.5914,2912103
ibicare,SC,-27.0881,-51.3681,4206801
ibicoara,BA,-13.4059,-41.284,2912202
ibicui,BA,-14.845,-39.9879,2912301
ibicuitinga,CE,-4.96999,-38.6362,2305332
ibimirim,PE,-8.54026,-37.7032,2606606
ibipeba,BA,-11.6438,-42.0195,2912400
ibipitanga,BA,-12.8804,-42.4856,2912509
ibipora,PR,-23.2659,-51.0522,4109807
ibiquera,BA,-12.6444,-40.9338,2912608
ibira,SP,-21.083,-49.2448,3519402
ibiracatu,MG,-15.6605,-44.1667,3129657
ibiraci,MG,-20.4611,-47.1222,3129707
ibiracu,ES,-19.8366,-40.3732,3202504
ibiraiaras,RS,-28.3741,-51.6377,4309902
ibirajuba,PE,-8.57633,-36.1812,2606705
ibirama,SC,-27.0547,-49.5193,4206900
ibirapitanga,BA,-14.1649,-39.3787,2912707
ibirapua,BA,-17.6832,-40.1129,2912806
ibirapuita,RS,-28.6247,-52.5158,4309951
ibirarema,SP,-22.8185,-50.0739,3519501
ibirataia,BA,-14.0643,-39.6459,2912905
ibirite,MG,-20.0252,-44.0569,3129806
ibiruba,RS,-28.6302,-53.0961,4310009
ibitiara,BA,-12.6502,-42.2179,2913002
ibitinga,SP,-21.7562,-48.8319,3519600
ibitirama,ES,-20.5466,-41.6667,3202553
ibitita,BA,-11.5414,-41.9748,2913101
ibitiura de minas,MG,-22.0604,-46.4368,3129905
ibituruna,MG,-21.1541,-44.7479,3130002
ibiuna,SP,-23.6596,-47.223,3519709
ibotirama,BA,-12.1779,-43.2167,2913200
icapui,CE,-4.71206,-37.3531,2305357
icara,SC,-28.7132,-49.3087,4207007
icarai de minas,MG,-16.214,-44.9034,3130051
icaraima,PR,-23.3944,-53.615,4109906
icatu,MA,-2.77206,-44.0501,2105104
icem,SP,-20.3391,-49.1915,3519808
ichu,BA,-11.7431,-39.1905,2913309
ico,CE,-6.39627,-38.8554,2305407
iconha,ES,-20.7913,-40.8132,3202603
ielmo marinho,RN,-5.82447,-35.55,2404606
iepe,SP,-22.6602,-51.0779,3519907
igaci,AL,-9.53768,-36.6372,2703106
igapora,BA,-13.774,-42.7155,2913408
igaracu do tiete,SP,-22.509,-48.5597,3520004
igaracy,PB,-7.17184,-38.1478,2502607
igarapava,SP,-20.0407,-47.7466,3520103
igarape,MG,-20.0707,-44.2994,3130101
igarape do meio,MA,-3.65771,-45.2114,2105153
igarape grande,MA,-4.6625,-44.8558,2105203
igarape-acu,PA,-1.12539,-47.626,1503200
igarape-miri,PA,-1.97533,-48.9575,1503309
igarassu,PE,-7.82881,-34.9013,2606804
igarata,SP,-23.2037,-46.157,3520202
igaratinga,MG,-19.9476,-44.7063,3130200
igrapiuna,BA,-13.8295,-39.1361,2913457
igreja nova,AL,-10.1235,-36.6597,2703205
igrejinha,RS,-29.5693,-50.7919,4310108
iguaba grande,RJ,-22.8495,-42.2299,3301876
iguai,BA,-14.7528,-40.0894,2913507
iguape,SP,-24.699,-47.5537,3520301
iguaracu,PR,-23.1949,-51.8256,4110003
iguaracy,PE,-7.83222,-37.5082,2606903
iguatama,MG,-20.1776,-45.7111,3130309
iguatemi,MS,-23.6736,-54.5637,5004304
iguatu,CE,-6.36281,-39.2892,2305506
iguatu,PR,-24.7153,-53.0827,4110052
ijaci,MG,-21.1738,-44.9233,3130408
ijui,RS,-28.388,-53.92,4310207
ilha comprida,SP,-24.7307,-47.5383,3520426
ilha das flores,SE,-10.4425,-36.5479,2802700
ilha de itamaraca,PE,-7.74766,-34.8303,2607604
ilha grande,PI,-2.85774,-41.8186,2204659
ilha solteira,SP,-20.4326,-51.3426,3520442
ilhabela,SP,-23.7785,-45.3552,3520400
ilheus,BA,-14.793,-39.046,2913606
ilhota,SC,-26.9023,-48.8251,4207106
ilicinea,MG,-20.9402,-45.8308,3130507
ilopolis,RS,-28.9282,-52.1258,4310306
imaculada,PB,-7.3889,-37.5079,2506707
imarui,SC,-28.3339,-48.817,4207205
imbau,PR,-24.448,-50.7533,4110078
imbe,RS,-29.9753,-50.1281,4310330
imbe de minas,MG,-19.6017,-41.9695,3130556
imbituba,SC,-28.2284,-48.6659,4207304
imbituva,PR,-25.2285,-50.5989,4110102
imbuia,SC,-27.4908,-49.4218,4207403
imigrante,RS,-29.3508,-51.7748,4310363
imperatriz,MA,-5.51847,-47.4777,2105302
inacio martins,PR,-25.5704,-51.0769,4110201
inaciolandia,GO,-18.4869,-49.9888,5209937
inaja,PE,-8.90206,-37.8351,2607000
inaja,PR,-22.7509,-52.1995,4110300
inconfidentes,MG,-22.3136,-46.3264,3130606
indaiabira,MG,-15.4911,-42.2005,3130655
indaial,SC,-26.8992,-49.2354,4207502
indaiatuba,SP,-23.0816,-47.2101,3520509
independencia,RS,-27.8354,-54.1886,4310405
independencia,CE,-5.38789,-40.3085,2305605
indiana,SP,-22.1738,-51.2555,3520608
indianopolis,PR,-23.4762,-52.6989,4110409
indianopolis,MG,-19.0341,-47.9155,3130705
indiapora,SP,-19.979,-50.2909,3520707
indiara,GO,-17.1387,-49.9862,5209952
indiaroba,SE,-11.5157,-37.515,2802809
indiavai,MT,-15.4921,-58.5802,5104500
inga,PB,-7.28144,-35.605,2506806
ingai,MG,-21.4024,-44.9152,3130804
ingazeira,PE,-7.66909,-37.4576,2607109
inhacora,RS,-27.8752,-54.015,4310413
inhambupe,BA,-11.781,-38.355,2913705
inhangapi,PA,-1.4349,-47.9114,1503408
inhapi,AL,-9.22594,-37.7509,2703304
inhapim,MG,-19.5476,-42.1147,3130903
inhauma,MG,-19.4898,-44.3934,3131000
inhuma,PI,-6.665,-41.7041,2204709
inhumas,GO,-16.3611,-49.5001,5210000
inimutaba,MG,-18.7271,-44.3584,3131109
inocencia,MS,-19.7277,-51.9281,5004403
inubia paulista,SP,-21.7695,-50.9633,3520806
iomere,SC,-27.0019,-51.2442,4207577
ipaba,MG,-19.4158,-42.4139,3131158
ipameri,GO,-17.7215,-48.1581,5210109
ipanema,MG,-19.7992,-41.7164,3131208
ipanguacu,RN,-5.48984,-36.8501,2404705
ipaporanga,CE,-4.89764,-40.7537,2305654
ipatinga,MG,-19.4703,-42.5476,3131307
ipaumirim,CE,-6.78265,-38.7179,2305704
ipaussu,SP,-23.0575,-49.6279,3520905
ipe,RS,-28.8171,-51.2859,4310439
ipecaeta,BA,-12.3028,-39.3069,2913804
ipero,SP,-23.3513,-47.6927,3521002
ipeuna,SP,-22.4355,-47.7151,3521101
ipiacu,MG,-18.6927,-49.9436,3131406
ipiau,BA,-14.1226,-39.7353,2913903
ipigua,SP,-20.6557,-49.3842,3521150
ipira,BA,-12.1561,-39.7359,2914000
ipira,SC,-27.4038,-51.7758,4207601
ipiranga,PR,-25.0238,-50.5794,4110508
ipiranga de goias,GO,-15.1689,-49.6695,5210158
ipiranga do norte,MT,-12.2408,-56.1531,5104526
ipiranga do piaui,PI,-6.82421,-41.7381,2204808
ipiranga do sul,RS,-27.9404,-52.4271,4310462
ipixuna,AM,-7.04791,-71.6934,1301803
ipixuna do para,PA,-2.55992,-47.5059,1503457
ipojuca,PE,-8.39303,-35.0609,2607208
ipora,PR,-24.0083,-53.706,4110607
ipora,GO,-16.4398,-51.118,5210208
ipora do oeste,SC,-26.9854,-53.5355,4207650
iporanga,SP,-24.5847,-48.5971,3521200
ipu,CE,-4.31748,-40.7059,2305803
ipua,SP,-20.4438,-48.0129,3521309
ipuacu,SC,-26.635,-52.4556,4207684
ipubi,PE,-7.64505,-40.1476,2607307
ipueira,RN,-6.80596,-37.2045,2404804
ipueiras,TO,-11.2329,-48.46,1709807
ipueiras,CE,-4.53802,-40.7118,2305902
ipuiuna,MG,-22.1013,-46.1915,3131505
ipumirim,SC,-27.0772,-52.1289,4207700
ipupiara,BA,-11.8219,-42.6179,2914109
iracema,RR,2.18305,-61.0415,1400282
iracema,CE,-5.8124,-38.2919,2306009
iracema do oeste,PR,-24.4262,-53.3528,4110656
iracemapolis,SP,-22.5832,-47.523,3521408
iraceminha,SC,-26.8215,-53.2767,4207759
irai,RS,-27.1951,-53.2543,4310504
irai de minas,MG,-18.9819,-47.461,3131604
irajuba,BA,-13.2563,-40.0848,2914208
iramaia,BA,-13.2902,-40.9595,2914307
iranduba,AM,-3.27479,-60.19,1301852
irani,SC,-27.0287,-51.9012,4207809
irapua,SP,-21.2768,-49.4164,3521507
irapuru,SP,-21.5684,-51.3472,3521606
iraquara,BA,-12.2429,-41.6155,2914406
irara,BA,-12.0504,-38.7631,2914505
irati,PR,-25.4697,-50.6493,4110706
irati,SC,-26.6539,-52.8955,4207858
iraucuba,CE,-3.74737,-39.7843,2306108
irece,BA,-11.3033,-41.8535,2914604
iretama,PR,-24.4253,-52.1012,4110805
irineopolis,SC,-26.242,-50.7957,4207908
irituia,PA,-1.76984,-47.446,1503507
irupi,ES,-20.3501,-41.6444,3202652
isaias coelho,PI,-7.73597,-41.6735,2204907
israelandia,GO,-16.3144,-50.9087,5210307
ita,SC,-27.2907,-52.3212,4208005
itaara,RS,-29.6013,-53.7725,4310538
itabaiana,PB,-7.33167,-35.3317,2506905
itabaiana,SE,-10.6826,-37.4273,2802908
itabaianinha,SE,-11.2693,-37.7875,2803005
itabela,BA,-16.5732,-39.5593,2914653
itabera,SP,-23.8638,-49.14,3521705
itaberaba,BA,-12.5242,-40.3059,2914703
itaberai,GO,-16.0206,-49.806,5210406
itabi,SE,-10.1248,-37.1056,2803104
itabira,MG,-19.6239,-43.2312,3131703
itabirinha,MG,-18.5712,-41.234,3131802
itabirito,MG,-20.2501,-43.8038,3131901
itaborai,RJ,-22.7565,-42.8639,3301900
itabuna,BA,-14.7876,-39.2781,2914802
itacaja,TO,-8.39293,-47.7726,1710508
itacambira,MG,-17.0625,-43.3069,3132008
itacarambi,MG,-15.089,-44.095,3132107
itacare,BA,-14.2784,-38.9959,2914901
itacoatiara,AM,-3.13861,-58.4449,1301902
itacuruba,PE,-8.82231,-38.6975,2607406
itacurubi,RS,-28.7913,-55.2447,4310553
itaete,BA,-12.9831,-40.9677,2915007
itagi,BA,-14.1615,-40.0131,2915106
itagiba,BA,-14.2782,-39.8449,2915205
itagimirim,BA,-16.0819,-39.6133,2915304
itaguacu,ES,-19.8018,-40.8601,3202702
itaguacu da bahia,BA,-11.0147,-42.3997,2915353
itaguai,RJ,-22.8636,-43.7798,3302007
itaguaje,PR,-22.6183,-51.9674,4110904
itaguara,MG,-20.3947,-44.4875,3132206
itaguari,GO,-15.918,-49.6071,5210562
itaguaru,GO,-15.7565,-49.6354,5210604
itaguatins,TO,-5.77267,-47.4864,1710706
itai,SP,-23.4213,-49.092,3521804
itaiba,PE,-8.94569,-37.4173,2607505
itaicaba,CE,-4.67146,-37.833,2306207
itainopolis,PI,-7.44336,-41.4687,2205003
itaiopolis,SC,-26.339,-49.9092,4208104
itaipava do grajau,MA,-5.14252,-45.7877,2105351
itaipe,MG,-17.4014,-41.6697,3132305
itaipulandia,PR,-25.1366,-54.3001,4110953
itaitinga,CE,-3.96577,-38.5298,2306256
itaituba,PA,-4.2667,-55.9926,1503606
itaja,RN,-5.63894,-36.8712,2404853
itaja,GO,-19.0673,-51.5495,5210802
itajai,SC,-26.9101,-48.6705,4208203
itajobi,SP,-21.3123,-49.0629,3521903
itaju,SP,-21.9857,-48.8116,3522000
itaju do colonia,BA,-15.1366,-39.7283,2915403
itajuba,MG,-22.4225,-45.4598,3132404
itajuipe,BA,-14.6788,-39.3698,2915502
italva,RJ,-21.4296,-41.7014,3302056
itamaraju,BA,-17.0378,-39.5386,2915601
itamarandiba,MG,-17.8552,-42.8561,3132503
itamarati,AM,-6.43852,-68.2437,1301951
itamarati de minas,MG,-21.4179,-42.813,3132602
itamari,BA,-13.7782,-39.683,2915700
itambacuri,MG,-18.035,-41.683,3132701
itambaraca,PR,-23.0181,-50.4097,4111001
itambe,PR,-23.6601,-51.9912,4111100
itambe,PE,-7.41403,-35.0963,2607653
itambe,BA,-15.2429,-40.63,2915809
itambe do mato dentro,MG,-19.4158,-43.3182,3132800
itamogi,MG,-21.0758,-47.046,3132909
itamonte,MG,-22.2859,-44.868,3133006
itanagra,BA,-12.2614,-38.0436,2915908
itanhaem,SP,-24.1736,-46.788,3522109
itanhandu,MG,-22.2942,-44.9382,3133105
itanhanga,MT,-12.2259,-56.6463,5104542
itanhem,BA,-17.1642,-40.3321,2916005
itanhomi,MG,-19.1736,-41.863,3133204
itaobim,MG,-16.5571,-41.5017,3133303
itaoca,SP,-24.6393,-48.8413,3522158
itaocara,RJ,-21.6748,-42.0758,3302106
itapaci,GO,-14.9522,-49.5511,5210901
itapagipe,MG,-19.9062,-49.3781,3133402
itapaje,CE,-3.68314,-39.5855,2306306
itaparica,BA,-12.8932,-38.68,2916104
itape,BA,-14.8876,-39.4239,2916203
itapebi,BA,-15.9551,-39.5329,2916302
itapecerica,MG,-20.4704,-45.127,3133501
itapecerica da serra,SP,-23.7161,-46.8572,3522208
itapecuru mirim,MA,-3.40202,-44.3508,2105401
itapejara d'oeste,PR,-25.9619,-52.8152,4111209
itapema,SC,-27.0861,-48.616,4208302
itapemirim,ES,-21.0095,-40.8307,3202801
itaperucu,PR,-25.2193,-49.3454,4111258
itaperuna,RJ,-21.1997,-41.8799,3302205
itapetim,PE,-7.37178,-37.1863,2607703
itapetinga,BA,-15.2475,-40.2482,2916401
itapetininga,SP,-23.5886,-48.0483,3522307
itapeva,SP,-23.9788,-48.8764,3522406
itapeva,MG,-22.7665,-46.2241,3133600
itapevi,SP,-23.5488,-46.9327,3522505
itapicuru,BA,-11.3088,-38.2262,2916500
itapipoca,CE,-3.49933,-39.5836,2306405
itapira,SP,-22.4357,-46.8224,3522604
itapiranga,AM,-2.74081,-58.0293,1302009
itapiranga,SC,-27.1659,-53.7166,4208401
itapirapua,GO,-15.8205,-50.6094,5211008
itapirapua paulista,SP,-24.572,-49.1661,3522653
itapiratins,TO,-8.37982,-48.1072,1710904
itapissuma,PE,-7.76798,-34.8971,2607752
itapitanga,BA,-14.4139,-39.5657,2916609
itapiuna,CE,-4.55516,-38.9281,2306504
itapoa,SC,-26.1158,-48.6182,4208450
itapolis,SP,-21.5942,-48.8149,3522703
itapora,MS,-22.08,-54.7934,5004502
itapora do tocantins,TO,-8.57172,-48.6895,1711100
itaporanga,SP,-23.7043,-49.4819,3522802
itaporanga,PB,-7.30202,-38.1504,2507002
itaporanga d'ajuda,SE,-10.99,-37.3078,2803203
itapororoca,PB,-6.82374,-35.2406,2507101
itapua do oeste,RO,-9.19687,-63.1809,1101104
itapuca,RS,-28.7768,-52.1693,4310579
itapui,SP,-22.2324,-48.7197,3522901
itapura,SP,-20.6419,-51.5063,3523008
itapuranga,GO,-15.5606,-49.949,5211206
itaquaquecetuba,SP,-23.4835,-46.3457,3523107
itaquara,BA,-13.4459,-39.9378,2916708
itaqui,RS,-29.1311,-56.5515,4310603
itaquirai,MS,-23.4779,-54.187,5004601
itaquitinga,PE,-7.66373,-35.1002,2607802
itarana,ES,-19.875,-40.8753,3202900
itarantim,BA,-15.6528,-40.065,2916807
itarare,SP,-24.1085,-49.3352,3523206
itarema,CE,-2.9248,-39.9167,2306553
itariri,SP,-24.2834,-47.1736,3523305
itaruma,GO,-18.7646,-51.3485,5211305
itati,RS,-29.4974,-50.1016,4310652
itatiaia,RJ,-22.4897,-44.5675,3302254
itatiaiucu,MG,-20.1983,-44.4211,3133709
itatiba,SP,-23.0035,-46.8464,3523404
itatiba do sul,RS,-27.3846,-52.4538,4310702
itatim,BA,-12.7099,-39.6952,2916856
itatinga,SP,-23.1047,-48.6157,3523503
itatira,CE,-4.52608,-39.6202,2306603
itatuba,PB,-7.38115,-35.638,2507200
itau,RN,-5.8363,-37.9912,2404903
itau de minas,MG,-20.7375,-46.7525,3133758
itauba,MT,-11.0614,-55.2766,5104559
itaubal,AP,0.602185,-50.6996,1600253
itaucu,GO,-16.2029,-49.6109,5211404
itaueira,PI,-7.59989,-43.0249,2205102
itauna,MG,-20.0818,-44.5801,3133808
itauna do sul,PR,-22.7289,-52.8874,4111308
itaverava,MG,-20.6769,-43.6141,3133907
itinga,MG,-16.61,-41.7672,3134004
itinga do maranhao,MA,-4.45293,-47.5235,2105427
itiquira,MT,-17.2147,-54.1422,5104609
itirapina,SP,-22.2562,-47.8166,3523602
itirapua,SP,-20.6416,-47.2194,3523701
itirucu,BA,-13.529,-40.1472,2916906
itiuba,BA,-10.6948,-39.8446,2917003
itobi,SP,-21.7309,-46.9743,3523800
itororo,BA,-15.11,-40.0684,2917102
itu,SP,-23.2544,-47.2927,3523909
ituacu,BA,-13.8107,-41.3003,2917201
itubera,BA,-13.7249,-39.1481,2917300
itueta,MG,-19.3999,-41.1746,3134103
ituiutaba,MG,-18.9772,-49.4639,3134202
itumbiara,GO,-18.4093,-49.2158,5211503
itumirim,MG,-21.3171,-44.8724,3134301
itupeva,SP,-23.1526,-47.0593,3524006
itupiranga,PA,-5.13272,-49.3358,1503705
ituporanga,SC,-27.4101,-49.5963,4208500
iturama,MG,-19.7276,-50.1966,3134400
itutinga,MG,-21.3,-44.6567,3134509
ituverava,SP,-20.3355,-47.7902,3524105
iuiu,BA,-14.4054,-43.5595,2917334
iuna,ES,-20.3531,-41.5334,3203007
ivai,PR,-25.0067,-50.857,4111407
ivaipora,PR,-24.2485,-51.6754,4111506
ivate,PR,-23.4072,-53.3687,4111555
ivatuba,PR,-23.6187,-52.2203,4111605
ivinhema,MS,-22.3046,-53.8184,5004700
ivolandia,GO,-16.5995,-50.7921,5211602
ivora,RS,-29.5232,-53.5842,4310751
ivoti,RS,-29.5995,-51.1533,4310801
jaboatao dos guararapes,PE,-8.11298,-35.015,2607901
jabora,SC,-27.1782,-51.7279,4208609
jaborandi,BA,-13.6071,-44.4255,2917359
jaborandi,SP,-20.6884,-48.4112,3524204
jaboti,PR,-23.7435,-50.0729,4111704
jaboticaba,RS,-27.6347,-53.2762,4310850
jaboticabal,SP,-21.252,-48.3252,3524303
jaboticatubas,MG,-19.5119,-43.7373,3134608
jacana,RN,-6.41856,-36.2031,2405009
jacaraci,BA,-14.8541,-42.4329,2917409
jacarau,PB,-6.61453,-35.289,2507309
jacare dos homens,AL,-9.63545,-37.2076,2703403
jacareacanga,PA,-6.21469,-57.7544,1503754
jacarei,SP,-23.2983,-45.9658,3524402
jacarezinho,PR,-23.1591,-49.9739,4111803
jaci,SP,-20.8805,-49.5797,3524501
jaciara,MT,-15.9548,-54.9733,5104807
jacinto,MG,-16.1428,-40.295,3134707
jacinto machado,SC,-28.9961,-49.7623,4208708
jacobina,BA,-11.1812,-40.5117,2917508
jacobina do piaui,PI,-7.93063,-41.2075,2205151
jacui,MG,-21.0137,-46.7359,3134806
jacuipe,AL,-8.83951,-35.4591,2703502
jacuizinho,RS,-29.0401,-53.0657,4310876
jacunda,PA,-4.44617,-49.1153,1503804
jacupiranga,SP,-24.6963,-48.0064,3524600
jacutinga,RS,-27.7291,-52.5372,4310900
jacutinga,MG,-22.286,-46.6166,3134905
jaguapita,PR,-23.1104,-51.5342,4111902
jaguaquara,BA,-13.5248,-39.964,2917607
jaguaracu,MG,-19.647,-42.7498,3135001
jaguarao,RS,-32.5604,-53.377,4311007
jaguarari,BA,-10.2569,-40.1999,2917706
jaguare,ES,-18.907,-40.0759,3203056
jaguaretama,CE,-5.6051,-38.7639,2306702
jaguari,RS,-29.4936,-54.703,4311106
jaguariaiva,PR,-24.2439,-49.7066,4112009
jaguaribara,CE,-5.67765,-38.5359,2306801
jaguaribe,CE,-5.90213,-38.6227,2306900
jaguaripe,BA,-13.1109,-38.8939,2917805
jaguariuna,SP,-22.7037,-46.9851,3524709
jaguaruana,CE,-4.83151,-37.781,2307007
jaguaruna,SC,-28.6146,-49.0296,4208807
jaiba,MG,-15.3432,-43.6688,3135050
jaicos,PI,-7.36229,-41.1371,2205201
jales,SP,-20.2672,-50.5494,3524808
jambeiro,SP,-23.2522,-45.6942,3524907
jampruca,MG,-18.461,-41.809,3135076
janauba,MG,-15.8022,-43.3132,3135100
jandaia,GO,-17.0481,-50.1453,5211701
jandaia do sul,PR,-23.6011,-51.6448,4112108
jandaira,RN,-5.35211,-36.1278,2405108
jandaira,BA,-11.5616,-37.7853,2917904
jandira,SP,-23.5275,-46.9023,3525003
janduis,RN,-6.01474,-37.4048,2405207
jangada,MT,-15.235,-56.4917,5104906
janiopolis,PR,-24.1401,-52.7784,4112207
januaria,MG,-15.4802,-44.3639,3135209
januario cicco (boa saude),RN,-6.16566,-35.6219,2405306
japaraiba,MG,-20.1442,-45.5015,3135308
japaratinga,AL,-9.08746,-35.2634,2703601
japaratuba,SE,-10.5849,-36.9418,2803302
japeri,RJ,-22.6435,-43.6602,3302270
japi,RN,-6.46544,-35.9346,2405405
japira,PR,-23.8142,-50.1422,4112306
japoata,SE,-10.3477,-36.8045,2803401
japonvar,MG,-15.9891,-44.2758,3135357
japora,MS,-23.8903,-54.4059,5004809
japura,PR,-23.4693,-52.5557,4112405
japura,AM,-1.88237,-66.9291,1302108
jaqueira,PE,-8.72618,-35.7942,2607950
jaquirana,RS,-28.8811,-50.3637,4311122
jaragua,GO,-15.7529,-49.3344,5211800
jaragua do sul,SC,-26.4851,-49.0713,4208906
jaraguari,MS,-20.1386,-54.3996,5004908
jaramataia,AL,-9.66224,-37.0046,2703700
jardim,CE,-7.57599,-39.2826,2307106
jardim,MS,-21.4799,-56.1489,5005004
jardim alegre,PR,-24.1809,-51.6902,4112504
jardim de angicos,RN,-5.64999,-35.9713,2405504
jardim de piranhas,RN,-6.37665,-37.3496,2405603
jardim do mulato,PI,-6.099,-42.63,2205250
jardim do serido,RN,-6.58047,-36.7736,2405702
jardim olinda,PR,-22.5523,-52.0503,4112603
jardinopolis,SP,-21.0176,-47.7606,3525102
jardinopolis,SC,-26.7191,-52.8625,4208955
jari,RS,-29.2922,-54.2237,4311130
jarinu,SP,-23.1039,-46.728,3525201
jaru,RO,-10.4318,-62.4788,1100114
jatai,GO,-17.8784,-51.7204,5211909
jataizinho,PR,-23.2578,-50.9777,4112702
jatauba,PE,-7.97668,-36.4943,2608008
jatei,MS,-22.4806,-54.3079,5005103
jati,CE,-7.6797,-39.0029,2307205
jatoba,MA,-5.82282,-44.2153,2105450
jatoba,PE,-9.17476,-38.2607,2608057
jatoba do piaui,PI,-4.77025,-41.817,2205276
jau,SP,-22.2936,-48.5592,3525300
jau do tocantins,TO,-12.6509,-48.589,1711506
jaupaci,GO,-16.1773,-50.9508,5212006
jauru,MT,-15.3342,-58.8723,5105002
jeceaba,MG,-20.5339,-43.9894,3135407
jenipapo de minas,MG,-17.0831,-42.2589,3135456
jenipapo dos vieiras,MA,-5.36237,-45.6356,2105476
jequeri,MG,-20.4542,-42.6651,3135506
jequia da praia,AL,-10.0133,-36.0142,2703759
jequie,BA,-13.8509,-40.0877,2918001
jequitai,MG,-17.229,-44.4376,3135605
jequitiba,MG,-19.2345,-44.0304,3135704
jequitinhonha,MG,-16.4375,-41.0117,3135803
jeremoabo,BA,-10.0685,-38.3471,2918100
jerico,PB,-6.54577,-37.8036,2507408
jeriquara,SP,-20.3116,-47.5918,3525409
jeronimo monteiro,ES,-20.7994,-41.3948,3203106
jerumenha,PI,-7.09128,-43.5033,2205300
jesuania,MG,-21.9887,-45.2911,3135902
jesuitas,PR,-24.3839,-53.3849,4112751
jesupolis,GO,-15.9484,-49.3739,5212055
ji-parana,RO,-10.8777,-61.9322,1100122
jijoca de jericoacoara,CE,-2.79331,-40.5127,2307254
jiquirica,BA,-13.2621,-39.5737,2918209
jitauna,BA,-14.0131,-39.8969,2918308
joacaba,SC,-27.1721,-51.5108,4209003
joaima,MG,-16.6522,-41.0229,3136009
joanesia,MG,-19.1729,-42.6775,3136108
joanopolis,SP,-22.927,-46.2741,3525508
joao alfredo,PE,-7.86565,-35.5787,2608107
joao camara,RN,-5.54094,-35.8122,2405801
joao costa,PI,-8.50736,-42.4264,2205359
joao dias,RN,-6.27215,-37.7885,2405900
joao dourado,BA,-11.3486,-41.6548,2918357
joao lisboa,MA,-5.44363,-47.4064,2105500
joao monlevade,MG,-19.8126,-43.1735,3136207
joao neiva,ES,-19.7577,-40.386,3203130
joao pessoa,PB,-7.11509,-34.8641,2507507
joao pinheiro,MG,-17.7398,-46.1715,3136306
joao ramalho,SP,-22.2473,-50.7694,3525607
joaquim felicio,MG,-17.758,-44.1643,3136405
joaquim gomes,AL,-9.1328,-35.7474,2703809
joaquim nabuco,PE,-8.62281,-35.5288,2608206
joaquim pires,PI,-3.50164,-42.1865,2205409
joaquim tavora,PR,-23.4987,-49.909,4112801
joca claudino,PB,-6.48362,-38.4764,2513653
joca marques,PI,-3.4804,-42.4255,2205458
joia,RS,-28.6435,-54.1141,4311155
joinville,SC,-26.3045,-48.8487,4209102
jordania,MG,-15.9009,-40.1841,3136504
jordao,AC,-9.1908,-71.9503,1200328
jose boiteux,SC,-26.9566,-49.6286,4209151
jose bonifacio,SP,-21.0551,-49.6892,3525706
jose da penha,RN,-6.31095,-38.2823,2406007
jose de freitas,PI,-4.75146,-42.5746,2205508
jose goncalves de minas,MG,-16.9053,-42.6014,3136520
jose raydan,MG,-18.2195,-42.4946,3136553
joselandia,MA,-4.98611,-44.6958,2105609
josenopolis,MG,-16.5417,-42.5151,3136579
joviania,GO,-17.802,-49.6197,5212105
juara,MT,-11.2639,-57.5244,5105101
juarez tavora,PB,-7.1713,-35.5686,2507606
juarina,TO,-8.11951,-49.0643,1711803
juatuba,MG,-19.9448,-44.3451,3136652
juazeirinho,PB,-7.06092,-36.5793,2507705
juazeiro,BA,-9.41622,-40.5033,2918407
juazeiro do norte,CE,-7.19621,-39.3076,2307304
juazeiro do piaui,PI,-5.17459,-41.6976,2205516
jucas,CE,-6.51523,-39.5187,2307403
jucati,PE,-8.70195,-36.4871,2608255
jucurucu,BA,-16.8488,-40.1641,2918456
jucurutu,RN,-6.0306,-37.009,2406106
juina,MT,-11.3728,-58.7483,5105150
juiz de fora,MG,-21.7595,-43.3398,3136702
julio borges,PI,-10.3225,-44.2381,2205524
julio de castilhos,RS,-29.2299,-53.6772,4311205
julio mesquita,SP,-22.0112,-49.7873,3525805
jumirim,SP,-23.0884,-47.7868,3525854
junco do maranhao,MA,-1.83888,-46.09,2105658
junco do serido,PB,-6.99269,-36.7166,2507804
jundia,RN,-6.26866,-35.3495,2406155
jundia,AL,-8.93297,-35.5669,2703908
jundiai,SP,-23.1852,-46.8974,3525904
jundiai do sul,PR,-23.4357,-50.2496,4112900
junqueiro,AL,-9.90696,-36.4803,2704005
junqueiropolis,SP,-21.5103,-51.4342,3526001
jupi,PE,-8.70904,-36.4126,2608305
jupia,SC,-26.395,-52.7298,4209177
juquia,SP,-24.3101,-47.6426,3526100
juquitiba,SP,-23.9244,-47.0653,3526209
juramento,MG,-16.8473,-43.5865,3136801
juranda,PR,-24.4209,-52.8413,4112959
jurema,PE,-8.70714,-36.1347,2608404
jurema,PI,-9.21992,-43.1337,2205532
juripiranga,PB,-7.36176,-35.2321,2507903
juru,PB,-7.52983,-37.815,2508000
jurua,AM,-3.48438,-66.0718,1302207
juruaia,MG,-21.2493,-46.5735,3136900
juruena,MT,-10.3178,-58.3592,5105176
juruti,PA,-2.16347,-56.0889,1503903
juscimeira,MT,-16.0633,-54.8859,5105200
jussara,BA,-11.0431,-41.9702,2918506
jussara,GO,-15.8659,-50.8668,5212204
jussara,PR,-23.6219,-52.4693,4113007
jussari,BA,-15.192,-39.491,2918555
jussiape,BA,-13.5155,-41.5882,2918605
jutai,AM,-2.75814,-66.7595,1302306
juti,MS,-22.8596,-54.6061,5005152
juvenilia,MG,-14.2662,-44.1597,3136959
kalore,PR,-23.8188,-51.6687,4113106
labrea,AM,-7.26413,-64.7948,1302405
lacerdopolis,SC,-27.2579,-51.5577,4209201
ladainha,MG,-17.6279,-41.7488,3137007
ladario,MS,-19.0089,-57.5973,5005202
lafaiete coutinho,BA,-13.6541,-40.2119,2918704
lagamar,MG,-18.1759,-46.8063,3137106
lagarto,SE,-10.9136,-37.6689,2803500
lages,SC,-27.815,-50.3259,4209300
lago da pedra,MA,-4.56974,-45.1319,2105708
lago do junco,MA,-4.609,-45.049,2105807
lago dos rodrigues,MA,-4.61173,-44.9798,2105948
lago verde,MA,-3.94661,-44.826,2105906
lagoa,PB,-6.58572,-37.9127,2508109
lagoa alegre,PI,-4.51539,-42.6309,2205557
lagoa bonita do sul,RS,-29.4939,-53.017,4311239
lagoa d'anta,RN,-6.39493,-35.5949,2406205
lagoa da canoa,AL,-9.83291,-36.7413,2704104
lagoa da confusao,TO,-10.7906,-49.6199,1711902
lagoa da prata,MG,-20.0237,-45.5401,3137205
lagoa de dentro,PB,-6.67213,-35.3706,2508208
lagoa de itaenga,PE,-7.93005,-35.2874,2608503
lagoa de pedras,RN,-6.15082,-35.4299,2406304
lagoa de sao francisco,PI,-4.38505,-41.5969,2205573
lagoa de velhos,RN,-6.0119,-35.8729,2406403
lagoa do barro do piaui,PI,-8.47673,-41.5342,2205565
lagoa do carro,PE,-7.84383,-35.3108,2608453
lagoa do mato,MA,-6.05023,-43.5333,2105922
lagoa do ouro,PE,-9.12567,-36.4584,2608602
lagoa do piaui,PI,-5.41864,-42.6437,2205581
lagoa do sitio,PI,-6.50766,-41.5653,2205599
lagoa do tocantins,TO,-10.368,-47.538,1711951
lagoa dos gatos,PE,-8.6602,-35.904,2608701
lagoa dos patos,MG,-16.978,-44.5754,3137304
lagoa dos tres cantos,RS,-28.5676,-52.8618,4311270
lagoa dourada,MG,-20.9139,-44.0797,3137403
lagoa formosa,MG,-18.7715,-46.4012,3137502
lagoa grande,MG,-17.8323,-46.5165,3137536
lagoa grande,PE,-8.99452,-40.2767,2608750
lagoa grande do maranhao,MA,-4.98893,-45.3816,2105963
lagoa nova,RN,-6.09339,-36.4703,2406502
lagoa real,BA,-14.0334,-42.1328,2918753
lagoa salgada,RN,-6.12295,-35.4724,2406601
lagoa santa,GO,-19.1832,-51.3998,5212253
lagoa santa,MG,-19.6397,-43.8932,3137601
lagoa seca,PB,-7.15535,-35.8491,2508307
lagoa vermelha,RS,-28.2093,-51.5248,4311304
lagoao,RS,-29.2348,-52.7997,4311254
lagoinha,SP,-23.0846,-45.1944,3526308
lagoinha do piaui,PI,-5.83074,-42.6223,2205540
laguna,SC,-28.4843,-48.7772,4209409
laguna carapa,MS,-22.5448,-55.1502,5005251
laje,BA,-13.1673,-39.4213,2918803
laje do muriae,RJ,-21.2091,-42.1271,3302304
lajeado,TO,-9.74996,-48.3565,1712009
lajeado,RS,-29.4591,-51.9644,4311403
lajeado do bugre,RS,-27.6913,-53.1818,4311429
lajeado grande,SC,-26.8576,-52.5648,4209458
lajeado novo,MA,-6.18539,-47.0293,2105989
lajedao,BA,-17.6056,-40.3383,2918902
lajedinho,BA,-12.3529,-40.9048,2919009
lajedo,PE,-8.65791,-36.3293,2608800
lajedo do tabocal,BA,-13.4663,-40.2204,2919058
lajes,RN,-5.69322,-36.247,2406700
lajes pintadas,RN,-6.14943,-36.1171,2406809
lajinha,MG,-20.1539,-41.6228,3137700
lamarao,BA,-11.773,-38.887,2919108
lambari,MG,-21.9671,-45.3498,3137809
lambari d'oeste,MT,-15.3188,-58.0046,5105234
lamim,MG,-20.79,-43.4706,3137908
landri sales,PI,-7.25922,-43.9364,2205607
lapa,PR,-25.7671,-49.7168,4113205
lapao,BA,-11.3851,-41.8286,2919157
laranja da terra,ES,-19.8994,-41.0621,3203163
laranjal,MG,-21.3715,-42.4732,3138005
laranjal,PR,-24.8862,-52.47,4113254
laranjal do jari,AP,-0.804911,-52.453,1600279
laranjal paulista,SP,-23.0506,-47.8375,3526407
laranjeiras,SE,-10.7981,-37.1731,2803609
laranjeiras do sul,PR,-25.4077,-52.4109,4113304
lassance,MG,-17.887,-44.5735,3138104
lastro,PB,-6.50603,-38.1742,2508406
laurentino,SC,-27.2173,-49.7331,4209508
lauro de freitas,BA,-12.8978,-38.321,2919207
lauro muller,SC,-28.3859,-49.4035,4209607
lavandeira,TO,-12.7847,-46.5099,1712157
lavinia,SP,-21.1639,-51.0412,3526506
lavras,MG,-21.248,-45.0009,3138203
lavras da mangabeira,CE,-6.7448,-38.9706,2307502
lavras do sul,RS,-30.8071,-53.8931,4311502
lavrinhas,SP,-22.57,-44.9024,3526605
leandro ferreira,MG,-19.7193,-45.0279,3138302
lebon regis,SC,-26.928,-50.6921,4209706
leme,SP,-22.1809,-47.3841,3526704
leme do prado,MG,-17.0793,-42.6936,3138351
lencois,BA,-12.5616,-41.3928,2919306
lencois paulista,SP,-22.6027,-48.8037,3526803
leoberto leal,SC,-27.5081,-49.2789,4209805
leopoldina,MG,-21.5296,-42.6421,3138401
leopoldo de bulhoes,GO,-16.619,-48.7428,5212303
leopolis,PR,-23.0818,-50.7511,4113403
liberato salzano,RS,-27.601,-53.0753,4311601
liberdade,MG,-22.0275,-44.3208,3138500
licinio de almeida,BA,-14.6842,-42.5095,2919405
lidianopolis,PR,-24.11,-51.6506,4113429
lima campos,MA,-4.51837,-44.4646,2106003
lima duarte,MG,-21.8386,-43.7934,3138609
limeira,SP,-22.566,-47.397,3526902
limeira do oeste,MG,-19.5512,-50.5815,3138625
limoeiro,PE,-7.8726,-35.4402,2608909
limoeiro de anadia,AL,-9.74098,-36.5121,2704203
limoeiro do ajuru,PA,-1.8985,-49.3903,1504000
limoeiro do norte,CE,-5.14392,-38.0847,2307601
lindoeste,PR,-25.2596,-53.5733,4113452
lindoia,SP,-22.5226,-46.65,3527009
lindoia do sul,SC,-27.0545,-52.069,4209854
lindolfo collor,RS,-29.5859,-51.2141,4311627
linha nova,RS,-29.4679,-51.2003,4311643
linhares,ES,-19.3946,-40.0643,3203205
lins,SP,-21.6718,-49.7526,3527108
livramento,PB,-7.37113,-36.9491,2508505
livramento de nossa senhora,BA,-13.6369,-41.8432,2919504
lizarda,TO,-9.59002,-46.6738,1712405
loanda,PR,-22.9232,-53.1362,4113502
lobato,PR,-23.0058,-51.9524,4113601
logradouro,PB,-6.61191,-35.4384,2508554
londrina,PR,-23.304,-51.1691,4113700
lontra,MG,-15.9013,-44.306,3138658
lontras,SC,-27.1684,-49.535,4209904
lorena,SP,-22.7334,-45.1197,3527207
loreto,MA,-7.08111,-45.1451,2106102
lourdes,SP,-20.966,-50.2263,3527256
louveira,SP,-23.0856,-46.9484,3527306
lucas do rio verde,MT,-13.0588,-55.9042,5105259
lucelia,SP,-21.7182,-51.0215,3527405
lucena,PB,-6.90258,-34.8748,2508604
lucianopolis,SP,-22.4294,-49.522,3527504
luciara,MT,-11.2219,-50.6676,5105309
lucrecia,RN,-6.10525,-37.8134,2406908
luis antonio,SP,-21.55,-47.7801,3527603
luis correia,PI,-2.88438,-41.6641,2205706
luis domingues,MA,-1.27492,-45.867,2106201
luis eduardo magalhaes,BA,-12.0956,-45.7866,2919553
luis gomes,RN,-6.40588,-38.3899,2407005
luisburgo,MG,-20.4468,-42.0976,3138674
luislandia,MG,-16.1095,-44.5886,3138682
luiz alves,SC,-26.7151,-48.9322,4210001
luiziana,PR,-24.2853,-52.269,4113734
luiziania,SP,-21.6737,-50.3294,3527702
luminarias,MG,-21.5145,-44.9034,3138708
lunardelli,PR,-24.0821,-51.7368,4113759
lupercio,SP,-22.4146,-49.818,3527801
lupionopolis,PR,-22.755,-51.6601,4113809
lutecia,SP,-22.3384,-50.394,3527900
luz,MG,-19.7911,-45.6794,3138807
luzerna,SC,-27.1304,-51.4682,4210035
luziania,GO,-16.253,-47.95,5212501
luzilandia,PI,-3.4683,-42.3718,2205805
luzinopolis,TO,-6.17794,-47.8582,1712454
macae,RJ,-22.3768,-41.7848,3302403
macaiba,RN,-5.85229,-35.3552,2407104
macajuba,BA,-12.1326,-40.3571,2919603
macambara,RS,-29.1445,-56.0674,4311718
macambira,SE,-10.6619,-37.5413,2803708
macapa,AP,0.034934,-51.0694,1600303
macaparana,PE,-7.55564,-35.4425,2609006
macarani,BA,-15.5646,-40.4209,2919702
macatuba,SP,-22.5002,-48.7102,3528007
macau,RN,-5.10795,-36.6318,2407203
macaubal,SP,-20.8022,-49.9687,3528106
macaubas,BA,-13.0186,-42.6945,2919801
macedonia,SP,-20.1444,-50.1973,3528205
maceio,AL,-9.66599,-35.735,2704302
machacalis,MG,-17.0723,-40.7245,3138906
machadinho,RS,-27.5667,-51.6668,4311700
machadinho d'oeste,RO,-9.44363,-61.9818,1100130
machado,MG,-21.6778,-45.9219,3139003
machados,PE,-7.68827,-35.5114,2609105
macieira,SC,-26.8552,-51.3705,4210050
macuco,RJ,-21.9813,-42.2533,3302452
macurure,BA,-9.16226,-39.0518,2919900
madalena,CE,-4.84601,-39.5725,2307635
madeiro,PI,-3.48624,-42.4981,2205854
madre de deus,BA,-12.7446,-38.6153,2919926
madre de deus de minas,MG,-21.483,-44.3287,3139102
mae d'agua,PB,-7.25201,-37.4322,2508703
mae do rio,PA,-2.05683,-47.5601,1504059
maetinga,BA,-14.6623,-41.4915,2919959
mafra,SC,-26.1159,-49.8086,4210100
magalhaes barata,PA,-0.803391,-47.6014,1504109
magalhaes de almeida,MA,-3.39232,-42.2117,2106300
magda,SP,-20.6445,-50.2305,3528304
mage,RJ,-22.6632,-43.0315,3302502
maiquinique,BA,-15.624,-40.2587,2920007
mairi,BA,-11.7107,-40.1437,2920106
mairinque,SP,-23.5398,-47.185,3528403
mairipora,SP,-23.3171,-46.5897,3528502
mairipotaba,GO,-17.2975,-49.4898,5212600
major gercino,SC,-27.4192,-48.9488,4210209
major isidoro,AL,-9.53009,-36.992,2704401
major sales,RN,-6.39949,-38.324,2407252
major vieira,SC,-26.3709,-50.3266,4210308
malacacheta,MG,-17.8456,-42.0769,3139201
malhada,BA,-14.3371,-43.7686,2920205
malhada de pedras,BA,-14.3847,-41.8842,2920304
malhada dos bois,SE,-10.3418,-36.9252,2803807
malhador,SE,-10.6649,-37.3004,2803906
mallet,PR,-25.8806,-50.8173,4113908
malta,PB,-6.89719,-37.5221,2508802
mamanguape,PB,-6.8337,-35.1213,2508901
mambai,GO,-14.4823,-46.1165,5212709
mambore,PR,-24.317,-52.5271,4114005
mamonas,MG,-15.0479,-42.9469,3139250
mampituba,RS,-29.2136,-49.9311,4311734
manacapuru,AM,-3.29066,-60.6216,1302504
manaira,PB,-7.70331,-38.1523,2509008
manaquiri,AM,-3.44078,-60.4612,1302553
manari,PE,-8.9649,-37.6313,2609154
manaus,AM,-3.11866,-60.0212,1302603
mancio lima,AC,-7.61657,-72.8997,1200336
mandaguacu,PR,-23.3458,-52.0944,4114104
mandaguari,PR,-23.5446,-51.671,4114203
mandirituba,PR,-25.777,-49.3282,4114302
manduri,SP,-23.0056,-49.3202,3528601
manfrinopolis,PR,-26.1441,-53.3113,4114351
manga,MG,-14.7529,-43.9391,3139300
mangaratiba,RJ,-22.9594,-44.0409,3302601
mangueirinha,PR,-25.9421,-52.1743,4114401
manhuacu,MG,-20.2572,-42.028,3139409
manhumirim,MG,-20.3591,-41.9589,3139508
manicore,AM,-5.80462,-61.2895,1302702
manoel emidio,PI,-8.01234,-43.8755,2205904
manoel ribas,PR,-24.5144,-51.6658,4114500
manoel urbano,AC,-8.83291,-69.2679,1200344
manoel viana,RS,-29.5859,-55.4841,4311759
manoel vitorino,BA,-14.1476,-40.2399,2920403
mansidao,BA,-10.7227,-44.0428,2920452
mantena,MG,-18.7761,-40.9874,3139607
mantenopolis,ES,-18.8594,-41.124,3203304
maquine,RS,-29.6798,-50.2079,4311775
mar de espanha,MG,-21.8707,-43.0062,3139805
mar vermelho,AL,-9.44739,-36.3881,2704906
mara rosa,GO,-14.0148,-49.1777,5212808
maraa,AM,-1.85313,-65.573,1302801
maraba,PA,-5.38075,-49.1327,1504208
maraba paulista,SP,-22.1068,-51.9617,3528700
maracacume,MA,-2.04918,-45.9587,2106326
maracai,SP,-22.6149,-50.6713,3528809
maracaja,SC,-28.8463,-49.4605,4210407
maracaju,MS,-21.6105,-55.1678,5005400
maracana,PA,-0.778899,-47.452,1504307
maracanau,CE,-3.86699,-38.6259,2307650
maracas,BA,-13.4355,-40.4323,2920502
maragogi,AL,-9.00744,-35.2267,2704500
maragogipe,BA,-12.776,-38.9175,2920601
maraial,PE,-8.79062,-35.8266,2609204
maraja do sena,MA,-4.62806,-45.4531,2106359
maranguape,CE,-3.89143,-38.6829,2307700
maranhaozinho,MA,-2.24078,-45.8507,2106375
marapanim,PA,-0.714702,-47.7034,1504406
marapoama,SP,-21.2587,-49.13,3528858
marata,RS,-29.5457,-51.5573,4311791
marataizes,ES,-21.0398,-40.8384,3203320
marau,RS,-28.4498,-52.1986,4311809
marau,BA,-14.1035,-39.0137,2920700
maravilha,AL,-9.23045,-37.3524,2704609
maravilha,SC,-26.7665,-53.1737,4210506
maravilhas,MG,-19.5076,-44.6779,3139706
marcacao,PB,-6.76535,-35.0087,2509057
marcelandia,MT,-11.0463,-54.4377,5105580
marcelino ramos,RS,-27.4676,-51.9095,4311908
marcelino vieira,RN,-6.2846,-38.1642,2407302
marcionilio souza,BA,-13.0064,-40.5295,2920809
marco,CE,-3.1285,-40.1582,2307809
marcolandia,PI,-7.44169,-40.6602,2205953
marcos parente,PI,-7.11565,-43.8926,2206001
marechal candido rondon,PR,-24.557,-54.0571,4114609
marechal deodoro,AL,-9.70971,-35.8967,2704708
marechal floriano,ES,-20.4159,-40.67,3203346
marechal thaumaturgo,AC,-8.93898,-72.7997,1200351
marema,SC,-26.8024,-52.6264,4210555
mari,PB,-7.05942,-35.318,2509107
maria da fe,MG,-22.3044,-45.3773,3139904
maria helena,PR,-23.6158,-53.2053,4114708
marialva,PR,-23.4843,-51.7928,4114807
mariana,MG,-20.3765,-43.414,3140001
mariana pimentel,RS,-30.353,-51.5803,4311981
mariano moro,RS,-27.3568,-52.1467,4312005
marianopolis do tocantins,TO,-9.79377,-49.6553,1712504
mariapolis,SP,-21.7959,-51.1824,3528908
maribondo,AL,-9.58353,-36.3045,2704807
marica,RJ,-22.9354,-42.8246,3302700
marilac,MG,-18.5079,-42.0822,3140100
marilandia,ES,-19.4114,-40.5456,3203353
marilandia do sul,PR,-23.7425,-51.3137,4114906
marilena,PR,-22.7336,-53.0402,4115002
marilia,SP,-22.2171,-49.9501,3529005
mariluz,PR,-24.0089,-53.1432,4115101
maringa,PR,-23.4205,-51.9333,4115200
marinopolis,SP,-20.4389,-50.8254,3529104
mario campos,MG,-20.0582,-44.1883,3140159
mariopolis,PR,-26.355,-52.5532,4115309
maripa,PR,-24.42,-53.8286,4115358
maripa de minas,MG,-21.6979,-42.9546,3140209
marituba,PA,-1.36002,-48.3421,1504422
marizopolis,PB,-6.82748,-38.3528,2509156
marlieria,MG,-19.7096,-42.7327,3140308
marmeleiro,PR,-26.1472,-53.0267,4115408
marmelopolis,MG,-22.447,-45.1645,3140407
marques de souza,RS,-29.3311,-52.0973,4312054
marquinho,PR,-25.112,-52.2497,4115457
martinho campos,MG,-19.3306,-45.2434,3140506
martinopole,CE,-3.2252,-40.6896,2307908
martinopolis,SP,-22.1462,-51.1709,3529203
martins,RN,-6.08279,-37.908,2407401
martins soares,MG,-20.2546,-41.8786,3140530
maruim,SE,-10.7308,-37.0856,2804003
marumbi,PR,-23.7058,-51.6404,4115507
marzagao,GO,-17.983,-48.6415,5212907
mascote,BA,-15.5542,-39.3016,2920908
massape,CE,-3.52364,-40.3423,2308005
massape do piaui,PI,-7.47469,-41.1103,2206050
massaranduba,PB,-7.18995,-35.7848,2509206
massaranduba,SC,-26.6109,-49.0054,4210605
mata,RS,-29.5649,-54.4641,4312104
mata de sao joao,BA,-12.5307,-38.3009,2921005
mata grande,AL,-9.11824,-37.7323,2705002
mata roma,MA,-3.62035,-43.1112,2106409
mata verde,MG,-15.6869,-40.7366,3140555
matao,SP,-21.6025,-48.364,3529302
mataraca,PB,-6.59673,-35.0531,2509305
mateiros,TO,-10.5464,-46.4168,1712702
matelandia,PR,-25.2496,-53.9935,4115606
materlandia,MG,-18.4699,-43.0579,3140605
mateus leme,MG,-19.9794,-44.4318,3140704
mathias lobato,MG,-18.59,-41.9166,3171501
matias barbosa,MG,-21.869,-43.3135,3140803
matias cardoso,MG,-14.8563,-43.9146,3140852
matias olimpio,PI,-3.71492,-42.5507,2206100
matina,BA,-13.9109,-42.8439,2921054
matinha,MA,-3.09849,-45.035,2106508
matinhas,PB,-7.12486,-35.7669,2509339
matinhos,PR,-25.8237,-48.549,4115705
matipo,MG,-20.2873,-42.3401,3140902
mato castelhano,RS,-28.28,-52.1932,4312138
mato grosso,PB,-6.54018,-37.7279,2509370
mato leitao,RS,-29.5285,-52.1278,4312153
mato queimado,RS,-28.252,-54.6159,4312179
mato rico,PR,-24.6995,-52.1454,4115739
mato verde,MG,-15.3944,-42.86,3141009
matoes,MA,-5.51359,-43.2018,2106607
matoes do norte,MA,-3.6244,-44.5468,2106631
matos costa,SC,-26.4709,-51.1501,4210704
matozinhos,MG,-19.5543,-44.0868,3141108
matrincha,GO,-15.4342,-50.7456,5212956
matriz de camaragibe,AL,-9.15437,-35.5243,2705101
matupa,MT,-10.1821,-54.9467,5105606
matureia,PB,-7.26188,-37.351,2509396
matutina,MG,-19.2179,-45.9664,3141207
maua,SP,-23.6677,-46.4613,3529401
maua da serra,PR,-23.8988,-51.2277,4115754
maues,AM,-3.39289,-57.7067,1302900
maurilandia,GO,-17.9719,-50.3388,5213004
maurilandia do tocantins,TO,-5.95169,-47.5125,1712801
mauriti,CE,-7.38597,-38.7708,2308104
maxaranguape,RN,-5.52181,-35.2631,2407500
maximiliano de almeida,RS,-27.6325,-51.802,4312203
mazagao,AP,-0.11336,-51.2891,1600402
medeiros,MG,-19.9865,-46.2181,3141306
medeiros neto,BA,-17.3707,-40.2238,2921104
medianeira,PR,-25.2977,-54.0943,4115804
medicilandia,PA,-3.44637,-52.8875,1504455
medina,MG,-16.2245,-41.4728,3141405
meleiro,SC,-28.8244,-49.6378,4210803
melgaco,PA,-1.8032,-50.7149,1504505
mendes,RJ,-22.5245,-43.7312,3302809
mendes pimentel,MG,-18.6631,-41.4052,3141504
mendonca,SP,-21.1757,-49.5791,3529500
mercedes,PR,-24.4538,-54.1618,4115853
merces,MG,-21.1976,-43.3337,3141603
meridiano,SP,-20.3579,-50.1811,3529609
meruoca,CE,-3.53974,-40.4531,2308203
mesopolis,SP,-19.9684,-50.6326,3529658
mesquita,RJ,-22.8028,-43.4601,3302858
mesquita,MG,-19.224,-42.6079,3141702
messias,AL,-9.39384,-35.8392,2705200
messias targino,RN,-6.07194,-37.5158,2407609
miguel alves,PI,-4.16857,-42.8963,2206209
miguel calmon,BA,-11.4299,-40.6031,2921203
miguel leao,PI,-5.68077,-42.7436,2206308
miguel pereira,RJ,-22.4572,-43.4803,3302908
miguelopolis,SP,-20.1796,-48.031,3529708
milagres,CE,-7.29749,-38.9378,2308302
milagres,BA,-12.8646,-39.8611,2921302
milagres do maranhao,MA,-3.57443,-42.6131,2106672
milha,CE,-5.67252,-39.1875,2308351
milton brandao,PI,-4.68295,-41.4173,2206357
mimoso de goias,GO,-15.0515,-48.1611,5213053
mimoso do sul,ES,-21.0628,-41.3615,3203403
minacu,GO,-13.5304,-48.2206,5213087
minador do negrao,AL,-9.31236,-36.8696,2705309
minas do leao,RS,-30.1346,-52.0423,4312252
minas novas,MG,-17.2156,-42.5884,3141801
minduri,MG,-21.6797,-44.6051,3141900
mineiros,GO,-17.5654,-52.5537,5213103
mineiros do tiete,SP,-22.412,-48.451,3529807
ministro andreazza,RO,-11.196,-61.5174,1101203
mira estrela,SP,-19.9789,-50.139,3530003
mirabela,MG,-16.256,-44.1602,3142007
miracatu,SP,-24.2766,-47.4625,3529906
miracema,RJ,-21.4148,-42.1938,3303005
miracema do tocantins,TO,-9.56556,-48.393,1713205
mirador,MA,-6.37454,-44.3683,2106706
mirador,PR,-23.255,-52.7761,4115903
miradouro,MG,-20.8899,-42.3458,3142106
miraguai,RS,-27.497,-53.6891,4312302
mirai,MG,-21.2021,-42.6122,3142205
miraima,CE,-3.56867,-39.9663,2308377
miranda,MS,-20.2355,-56.3746,5005608
miranda do norte,MA,-3.56313,-44.5814,2106755
mirandiba,PE,-8.12113,-38.7388,2609303
mirandopolis,SP,-21.1313,-51.1035,3530102
mirangaba,BA,-10.961,-40.574,2921401
miranorte,TO,-9.52907,-48.5922,1713304
mirante,BA,-14.2385,-40.7718,2921450
mirante da serra,RO,-11.029,-62.6696,1101302
mirante do paranapanema,SP,-22.2904,-51.9084,3530201
miraselva,PR,-22.9657,-51.4846,4116000
mirassol,SP,-20.8169,-49.5206,3530300
mirassol d'oeste,MT,-15.6759,-58.0951,5105622
mirassolandia,SP,-20.6179,-49.4617,3530409
miravania,MG,-14.7348,-44.4092,3142254
mirim doce,SC,-27.197,-50.0786,4210852
mirinzal,MA,-2.07094,-44.7787,2106805
missal,PR,-25.0919,-54.2477,4116059
missao velha,CE,-7.23522,-39.143,2308401
mocajuba,PA,-2.5831,-49.5042,1504604
mococa,SP,-21.4647,-47.0024,3530508
modelo,SC,-26.7729,-53.04,4210902
moeda,MG,-20.3399,-44.0509,3142304
moema,MG,-19.8387,-45.4127,3142403
mogeiro,PB,-7.28517,-35.4832,2509404
mogi das cruzes,SP,-23.5208,-46.1854,3530607
mogi guacu,SP,-22.3675,-46.9428,3530706
mogi mirim,SP,-22.4332,-46.9532,3530805
moipora,GO,-16.5434,-50.739,5213400
moita bonita,SE,-10.5769,-37.3512,2804102
moju,PA,-1.88993,-48.7668,1504703
mojui dos campos,PA,-2.6822,-54.6425,1504752
mombaca,CE,-5.73844,-39.63,2308500
mombuca,SP,-22.9285,-47.559,3530904
moncao,MA,-3.48125,-45.2496,2106904
moncoes,SP,-20.8509,-50.0975,3531001
mondai,SC,-27.1008,-53.4032,4211009
mongagua,SP,-24.0809,-46.6265,3531100
monjolos,MG,-18.3245,-44.118,3142502
monsenhor gil,PI,-5.562,-42.6075,2206407
monsenhor hipolito,PI,-6.99275,-41.026,2206506
monsenhor paulo,MG,-21.7579,-45.5391,3142601
monsenhor tabosa,CE,-4.79102,-40.0646,2308609
montadas,PB,-7.08848,-35.9592,2509503
montalvania,MG,-14.4197,-44.3719,3142700
montanha,ES,-18.1303,-40.3668,3203502
montanhas,RN,-6.48522,-35.2842,2407708
montauri,RS,-28.6462,-52.0767,4312351
monte alegre,PA,-1.99768,-54.0724,1504802
monte alegre,RN,-6.07063,-35.3253,2407807
monte alegre de goias,GO,-13.2552,-46.8928,5213509
monte alegre de minas,MG,-18.869,-48.881,3142809
monte alegre de sergipe,SE,-10.0256,-37.5616,2804201
monte alegre do piaui,PI,-9.75364,-45.3037,2206605
monte alegre do sul,SP,-22.6817,-46.681,3531209
monte alegre dos campos,RS,-28.6805,-50.7834,4312377
monte alto,SP,-21.2655,-48.4971,3531308
monte aprazivel,SP,-20.768,-49.7184,3531407
monte azul,MG,-15.1514,-42.8718,3142908
monte azul paulista,SP,-20.9065,-48.6387,3531506
monte belo,MG,-21.3271,-46.3635,3143005
monte belo do sul,RS,-29.1607,-51.6333,4312385
monte carlo,SC,-27.2239,-50.9808,4211058
monte carmelo,MG,-18.7302,-47.4912,3143104
monte castelo,SC,-26.461,-50.2327,4211108
monte castelo,SP,-21.2981,-51.5679,3531605
monte das gameleiras,RN,-6.43698,-35.7831,2407906
monte do carmo,TO,-10.7611,-48.1114,1713601
monte formoso,MG,-16.8691,-41.2473,3143153
monte horebe,PB,-7.20402,-38.5838,2509602
monte mor,SP,-22.945,-47.3122,3531803
monte negro,RO,-10.2458,-63.29,1101401
monte santo,BA,-10.4374,-39.3321,2921500
monte santo de minas,MG,-21.1873,-46.9753,3143203
monte santo do tocantins,TO,-10.0075,-48.9941,1713700
monte siao,MG,-22.4335,-46.573,3143401
monteiro,PB,-7.88363,-37.1184,2509701
monteiro lobato,SP,-22.9544,-45.8407,3531704
monteiropolis,AL,-9.60357,-37.2505,2705408
montenegro,RS,-29.6824,-51.4679,4312401
montes altos,MA,-5.83067,-47.0673,2107001
montes claros,MG,-16.7282,-43.8578,3143302
montes claros de goias,GO,-16.0059,-51.3979,5213707
montezuma,MG,-15.1702,-42.4941,3143450
montividiu,GO,-17.4439,-51.1728,5213756
montividiu do norte,GO,-13.3485,-48.6853,5213772
morada nova,CE,-5.09736,-38.3702,2308708
morada nova de minas,MG,-18.5998,-45.3584,3143500
moraujo,CE,-3.46311,-40.6776,2308807
moreilandia,PE,-7.61931,-39.546,2614303
moreira sales,PR,-24.0509,-53.0102,4116109
moreno,PE,-8.10871,-35.0835,2609402
mormaco,RS,-28.6968,-52.6999,4312427
morpara,BA,-11.5569,-43.2766,2921609
morretes,PR,-25.4744,-48.8345,4116208
morrinhos,GO,-17.7334,-49.1059,5213806
morrinhos,CE,-3.23426,-40.1233,2308906
morrinhos do sul,RS,-29.3578,-49.9328,4312443
morro agudo,SP,-20.7288,-48.0581,3531902
morro agudo de goias,GO,-15.3184,-50.0553,5213855
morro cabeca no tempo,PI,-9.71891,-43.9072,2206654
morro da fumaca,SC,-28.6511,-49.2169,4211207
morro da garca,MG,-18.5356,-44.601,3143609
morro do chapeu,BA,-11.5488,-41.1565,2921708
morro do chapeu do piaui,PI,-3.73337,-42.3024,2206670
morro do pilar,MG,-19.2236,-43.3795,3143708
morro grande,SC,-28.8006,-49.7214,4211256
morro redondo,RS,-31.5887,-52.6261,4312450
morro reuter,RS,-29.5379,-51.0811,4312476
morros,MA,-2.85379,-44.0357,2107100
mortugaba,BA,-15.0225,-42.3727,2921807
morungaba,SP,-22.8811,-46.7896,3532009
mossamedes,GO,-16.124,-50.2136,5213905
mossoro,RN,-5.18374,-37.3474,2408003
mostardas,RS,-31.1054,-50.9167,4312500
motuca,SP,-21.5103,-48.1538,3532058
mozarlandia,GO,-14.7457,-50.5713,5214002
muana,PA,-1.53936,-49.2224,1504901
mucajai,RR,2.43998,-60.9096,1400308
mucambo,CE,-3.90271,-40.7452,2309003
mucuge,BA,-13.0053,-41.3703,2921906
mucum,RS,-29.163,-51.8714,4312609
mucuri,BA,-18.0754,-39.5565,2922003
mucurici,ES,-18.0965,-40.52,3203601
muitos capoes,RS,-28.3132,-51.1836,4312617
muliterno,RS,-28.3253,-51.7697,4312625
mulungu,PB,-7.02525,-35.46,2509800
mulungu,CE,-4.30294,-38.9951,2309102
mulungu do morro,BA,-11.9648,-41.6374,2922052
mundo novo,BA,-11.8541,-40.4714,2922102
mundo novo,MS,-23.9355,-54.281,5005681
mundo novo,GO,-13.7729,-50.2814,5214051
munhoz,MG,-22.6092,-46.362,3143807
munhoz de melo,PR,-23.1487,-51.7737,4116307
muniz ferreira,BA,-13.0092,-39.1092,2922201
muniz freire,ES,-20.4652,-41.4156,3203700
muquem de sao francisco,BA,-12.065,-43.5497,2922250
muqui,ES,-20.9509,-41.346,3203809
muriae,MG,-21.13,-42.3693,3143906
muribeca,SE,-10.4271,-36.9588,2804300
murici,AL,-9.30682,-35.9428,2705507
murici dos portelas,PI,-3.319,-42.094,2206696
muricilandia,TO,-7.14669,-48.6091,1713957
muritiba,BA,-12.6329,-38.9921,2922300
murutinga do sul,SP,-20.9908,-51.2774,3532108
mutuipe,BA,-13.2284,-39.5044,2922409
mutum,MG,-19.8121,-41.4407,3144003
mutunopolis,GO,-13.7303,-49.2745,5214101
muzambinho,MG,-21.3692,-46.5213,3144102
nacip raydan,MG,-18.4544,-42.2481,3144201
nantes,SP,-22.6156,-51.24,3532157
nanuque,MG,-17.8481,-40.3533,3144300
nao-me-toque,RS,-28.4548,-52.8182,4312658
naque,MG,-19.2291,-42.3312,3144359
narandiba,SP,-22.4057,-51.5274,3532207
natal,RN,-5.79357,-35.1986,2408102
natalandia,MG,-16.5021,-46.4874,3144375
natercia,MG,-22.1158,-45.5123,3144409
natividade,TO,-11.7034,-47.7223,1714203
natividade,RJ,-21.039,-41.9697,3303104
natividade da serra,SP,-23.3707,-45.4468,3532306
natuba,PB,-7.63514,-35.5586,2509909
navegantes,SC,-26.8943,-48.6546,4211306
navirai,MS,-23.0618,-54.1995,5005707
nazare,BA,-13.0235,-39.0108,2922508
nazare,TO,-6.37496,-47.6643,1714302
nazare da mata,PE,-7.74149,-35.2193,2609501
nazare do piaui,PI,-6.97023,-42.6773,2206704
nazare paulista,SP,-23.1747,-46.3983,3532405
nazareno,MG,-21.2168,-44.6138,3144508
nazarezinho,PB,-6.9114,-38.322,2510006
nazaria,PI,-5.35128,-42.8153,2206720
nazario,GO,-16.5808,-49.8817,5214408
neopolis,SE,-10.3215,-36.585,2804409
nepomuceno,MG,-21.2324,-45.235,3144607
neropolis,GO,-16.4047,-49.2227,5214507
neves paulista,SP,-20.843,-49.6358,3532504
nhamunda,AM,-2.20793,-56.7112,1303007
nhandeara,SP,-20.6945,-50.0436,3532603
nicolau vergueiro,RS,-28.5298,-52.4676,4312674
nilo pecanha,BA,-13.604,-39.1091,2922607
nilopolis,RJ,-22.8057,-43.4233,3303203
nina rodrigues,MA,-3.46788,-43.9134,2107209
ninheira,MG,-15.3148,-41.7564,3144656
nioaque,MS,-21.1419,-55.8296,5005806
nipoa,SP,-20.9114,-49.7833,3532702
niquelandia,GO,-14.4662,-48.4599,5214606
nisia floresta,RN,-6.09329,-35.1991,2408201
niteroi,RJ,-22.8832,-43.1034,3303302
nobres,MT,-14.7192,-56.3284,5105903
nonoai,RS,-27.3689,-52.7756,4312708
nordestina,BA,-10.8192,-39.4297,2922656
normandia,RR,3.8853,-59.6204,1400407
nortelandia,MT,-14.454,-56.7945,5106000
nossa senhora aparecida,SE,-10.3944,-37.4517,2804458
nossa senhora da gloria,SE,-10.2158,-37.4211,2804508
nossa senhora das dores,SE,-10.4854,-37.1963,2804607
nossa senhora das gracas,PR,-22.9129,-51.7978,4116406
nossa senhora de lourdes,SE,-10.0772,-37.0615,2804706
nossa senhora de nazare,PI,-4.63019,-42.173,2206753
nossa senhora do livramento,MT,-15.772,-56.3432,5106109
nossa senhora do socorro,SE,-10.8468,-37.1231,2804805
nossa senhora dos remedios,PI,-3.97574,-42.6184,2206803
nova alianca,SP,-21.0156,-49.4986,3532801
nova alianca do ivai,PR,-23.1763,-52.6032,4116505
nova alvorada,RS,-28.6822,-52.1631,4312757
nova alvorada do sul,MS,-21.4657,-54.3825,5006002
nova america,GO,-15.0206,-49.8953,5214705
nova america da colina,PR,-23.3308,-50.7168,4116604
nova andradina,MS,-22.238,-53.3437,5006200
nova araca,RS,-28.6537,-51.7458,4312807
nova aurora,PR,-24.5289,-53.2575,4116703
nova aurora,GO,-18.0597,-48.2552,5214804
nova bandeirantes,MT,-9.84977,-57.8139,5106158
nova bassano,RS,-28.7291,-51.7072,4312906
nova belem,MG,-18.4925,-41.1107,3144672
nova boa vista,RS,-27.9926,-52.9784,4312955
nova brasilandia,MT,-14.9612,-54.9685,5106208
nova brasilandia d'oeste,RO,-11.7247,-62.3127,1100148
nova brescia,RS,-29.2182,-52.0319,4313003
nova campina,SP,-24.1224,-48.9022,3532827
nova canaa,BA,-14.7912,-40.1458,2922706
nova canaa do norte,MT,-10.558,-55.953,5106216
nova canaa paulista,SP,-20.3836,-50.9483,3532843
nova candelaria,RS,-27.6137,-54.1074,4313011
nova cantu,PR,-24.6723,-52.5661,4116802
nova castilho,SP,-20.7615,-50.3477,3532868
nova colinas,MA,-7.12263,-46.2607,2107258
nova crixas,GO,-14.0957,-50.33,5214838
nova cruz,RN,-6.47511,-35.4286,2408300
nova era,MG,-19.7577,-43.0333,3144706
nova erechim,SC,-26.8982,-52.9066,4211405
nova esperanca,PR,-23.182,-52.2031,4116901
nova esperanca do piria,PA,-2.26693,-46.9731,1504950
nova esperanca do sudoeste,PR,-25.9004,-53.2618,4116950
nova esperanca do sul,RS,-29.4066,-54.8293,4313037
nova europa,SP,-21.7765,-48.5705,3532900
nova fatima,PR,-23.4324,-50.5665,4117008
nova fatima,BA,-11.6031,-39.6302,2922730
nova floresta,PB,-6.45056,-36.2057,2510105
nova friburgo,RJ,-22.2932,-42.5377,3303401
nova gloria,GO,-15.145,-49.5737,5214861
nova granada,SP,-20.5321,-49.3123,3533007
nova guarita,MT,-10.312,-55.4061,5108808
nova guataporanga,SP,-21.332,-51.6447,3533106
nova hartz,RS,-29.5808,-50.9051,4313060
nova ibia,BA,-13.812,-39.6182,2922755
nova iguacu,RJ,-22.7556,-43.4603,3303500
nova iguacu de goias,GO,-14.2868,-49.3872,5214879
nova independencia,SP,-21.1026,-51.4905,3533205
nova iorque,MA,-6.73047,-44.0471,2107308
nova ipixuna,PA,-4.91622,-49.0822,1504976
nova itaberaba,SC,-26.9428,-52.8141,4211454
nova itarana,BA,-13.0241,-40.0653,2922805
nova lacerda,MT,-14.4727,-59.6001,5106182
nova laranjeiras,PR,-25.3054,-52.5447,4117057
nova lima,MG,-19.9758,-43.8509,3144805
nova londrina,PR,-22.7639,-52.9868,4117107
nova luzitania,SP,-20.856,-50.2617,3533304
nova mamore,RO,-10.4077,-65.3346,1100338
nova marilandia,MT,-14.3568,-56.9696,5108857
nova maringa,MT,-13.0136,-57.0908,5108907
nova modica,MG,-18.4417,-41.4984,3144904
nova monte verde,MT,-9.99998,-57.5261,5108956
nova mutum,MT,-13.8374,-56.0743,5106224
nova nazare,MT,-13.9486,-51.8002,5106174
nova odessa,SP,-22.7832,-47.2941,3533403
nova olimpia,PR,-23.4703,-53.0898,4117206
nova olimpia,MT,-14.7889,-57.2886,5106232
nova olinda,TO,-7.63171,-48.4252,1714880
nova olinda,CE,-7.08415,-39.6713,2309201
nova olinda,PB,-7.47232,-38.0382,2510204
nova olinda do maranhao,MA,-2.84227,-45.6953,2107357
nova olinda do norte,AM,-3.90037,-59.094,1303106
nova padua,RS,-29.0275,-51.3098,4313086
nova palma,RS,-29.471,-53.4689,4313102
nova palmeira,PB,-6.67122,-36.422,2510303
nova petropolis,RS,-29.3741,-51.1136,4313201
nova ponte,MG,-19.1461,-47.6779,3145000
nova porteirinha,MG,-15.7993,-43.2941,3145059
nova prata,RS,-28.7799,-51.6113,4313300
nova prata do iguacu,PR,-25.6309,-53.3469,4117255
nova ramada,RS,-28.0667,-53.6992,4313334
nova redencao,BA,-12.815,-41.0748,2922854
nova resende,MG,-21.1286,-46.4157,3145109
nova roma,GO,-13.7388,-46.8734,5214903
nova roma do sul,RS,-28.9882,-51.4095,4313359
nova rosalandia,TO,-10.5651,-48.9125,1715002
nova russas,CE,-4.70581,-40.5621,2309300
nova santa barbara,PR,-23.5865,-50.7598,4117214
nova santa helena,MT,-10.8651,-55.1872,5106190
nova santa rita,RS,-29.8525,-51.2837,4313375
nova santa rita,PI,-8.09707,-42.0471,2207959
nova santa rosa,PR,-24.4693,-53.9552,4117222
nova serrana,MG,-19.8713,-44.9847,3145208
nova soure,BA,-11.2329,-38.4871,2922904
nova tebas,PR,-24.438,-51.9454,4117271
nova timboteua,PA,-1.20874,-47.3921,1505007
nova trento,SC,-27.278,-48.9298,4211504
nova ubirata,MT,-12.9834,-55.2556,5106240
nova uniao,MG,-19.6876,-43.583,3136603
nova uniao,RO,-10.9068,-62.5564,1101435
nova venecia,ES,-18.715,-40.4053,3203908
nova veneza,SC,-28.6338,-49.5055,4211603
nova veneza,GO,-16.3695,-49.3168,5215009
nova vicosa,BA,-17.8926,-39.3743,2923001
nova xavantina,MT,-14.6771,-52.3502,5106257
novais,SP,-20.9893,-48.9141,3533254
novo acordo,TO,-9.97063,-47.6785,1715101
novo airao,AM,-2.63637,-60.9434,1303205
novo alegre,TO,-12.9217,-46.5713,1715150
novo aripuana,AM,-5.12593,-60.3732,1303304
novo barreiro,RS,-27.9077,-53.1103,4313490
novo brasil,GO,-16.0313,-50.7113,5215207
novo cabrais,RS,-29.7338,-52.9489,4313391
novo cruzeiro,MG,-17.4654,-41.8826,3145307
novo gama,GO,-16.0592,-48.0417,5215231
novo hamburgo,RS,-29.6875,-51.1328,4313409
novo horizonte,SC,-26.4442,-52.8281,4211652
novo horizonte,SP,-21.4651,-49.2234,3533502
novo horizonte,BA,-12.8083,-42.1682,2923035
novo horizonte do norte,MT,-11.4089,-57.3488,5106273
novo horizonte do oeste,RO,-11.6961,-61.9951,1100502
novo horizonte do sul,MS,-22.6693,-53.8601,5006259
novo itacolomi,PR,-23.7631,-51.5079,4117297
novo jardim,TO,-11.826,-46.6325,1715259
novo lino,AL,-8.94191,-35.664,2705606
novo machado,RS,-27.5765,-54.5036,4313425
novo mundo,MT,-9.95616,-55.2029,5106265
novo oriente,CE,-5.52552,-40.7713,2309409
novo oriente de minas,MG,-17.4089,-41.2194,3145356
novo oriente do piaui,PI,-6.44901,-41.9261,2206902
novo planalto,GO,-13.2424,-49.506,5215256
novo progresso,PA,-7.14347,-55.3786,1505031
novo repartimento,PA,-4.24749,-49.9499,1505064
novo santo antonio,PI,-5.28749,-41.9325,2206951
novo santo antonio,MT,-12.2875,-50.9686,5106315
novo sao joaquim,MT,-14.9054,-53.0194,5106281
novo tiradentes,RS,-27.5649,-53.1837,4313441
novo triunfo,BA,-10.3182,-38.4014,2923050
novo xingu,RS,-27.749,-53.0639,4313466
novorizonte,MG,-16.0162,-42.4044,3145372
nuporanga,SP,-20.7296,-47.7429,3533601
obidos,PA,-1.90107,-55.5208,1505106
ocara,CE,-4.48523,-38.5933,2309458
ocaucu,SP,-22.438,-49.922,3533700
oeiras,PI,-7.01915,-42.1283,2207009
oeiras do para,PA,-2.00358,-49.8628,1505205
oiapoque,AP,3.84074,-51.8331,1600501
olaria,MG,-21.8598,-43.9356,3145406
oleo,SP,-22.9435,-49.3419,3533809
olho d'agua,PB,-7.22118,-37.7406,2510402
olho d'agua das cunhas,MA,-4.13417,-45.1163,2107407
olho d'agua das flores,AL,-9.53686,-37.2971,2705705
olho d'agua do casado,AL,-9.50357,-37.8301,2705804
olho d'agua do piaui,PI,-5.84125,-42.5594,2207108
olho d'agua grande,AL,-10.0572,-36.8101,2705903
olho-d'agua do borges,RN,-5.9486,-37.7047,2408409
olhos d'agua,MG,-17.3982,-43.5719,3145455
olimpia,SP,-20.7366,-48.9106,3533908
olimpio noronha,MG,-22.0685,-45.2657,3145505
olinda,PE,-8.01017,-34.8545,2609600
olinda nova do maranhao,MA,-2.99295,-44.9897,2107456
olindina,BA,-11.3497,-38.3379,2923100
olivedos,PB,-6.98434,-36.241,2510501
oliveira,MG,-20.6982,-44.829,3145604
oliveira de fatima,TO,-10.707,-48.9086,1715507
oliveira dos brejinhos,BA,-12.3132,-42.8969,2923209
oliveira fortes,MG,-21.3401,-43.4499,3145703
olivenca,AL,-9.51954,-37.1954,2706000
onca de pitangui,MG,-19.7276,-44.8058,3145802
onda verde,SP,-20.6042,-49.2929,3534005
oratorios,MG,-20.4298,-42.7977,3145851
oriente,SP,-22.1549,-50.0971,3534104
orindiuva,SP,-20.1861,-49.3464,3534203
oriximina,PA,-1.75989,-55.8579,1505304
orizania,MG,-20.5142,-42.1991,3145877
orizona,GO,-17.0334,-48.2964,5215306
orlandia,SP,-20.7169,-47.8852,3534302
orleans,SC,-28.3487,-49.2986,4211702
orobo,PE,-7.74553,-35.5956,2609709
oroco,PE,-8.61026,-39.6026,2609808
oros,CE,-6.25182,-38.9053,2309508
ortigueira,PR,-24.2058,-50.9185,4117305
osasco,SP,-23.5324,-46.7916,3534401
oscar bressane,SP,-22.3149,-50.2811,3534500
osorio,RS,-29.8881,-50.2667,4313508
osvaldo cruz,SP,-21.7968,-50.8793,3534609
otacilio costa,SC,-27.4789,-50.1231,4211751
ourem,PA,-1.54168,-47.1126,1505403
ouricangas,BA,-12.0175,-38.6166,2923308
ouricuri,PE,-7.87918,-40.08,2609907
ourilandia do norte,PA,-6.7529,-51.0858,1505437
ourinhos,SP,-22.9797,-49.8697,3534708
ourizona,PR,-23.4053,-52.1964,4117404
ouro,SC,-27.3379,-51.6194,4211801
ouro branco,MG,-20.5263,-43.6962,3145901
ouro branco,RN,-6.6958,-36.9428,2408508
ouro branco,AL,-9.15884,-37.3556,2706109
ouro fino,MG,-22.2779,-46.3716,3146008
ouro preto,MG,-20.3796,-43.512,3146107
ouro preto do oeste,RO,-10.7167,-62.2565,1100155
ouro velho,PB,-7.61604,-37.1519,2510600
ouro verde,SC,-26.692,-52.3108,4211850
ouro verde,SP,-21.4872,-51.7024,3534807
ouro verde de goias,GO,-16.2181,-49.1942,5215405
ouro verde de minas,MG,-18.0719,-41.2734,3146206
ouro verde do oeste,PR,-24.7933,-53.9043,4117453
ouroeste,SP,-20.0061,-50.3768,3534757
ourolandia,BA,-10.9578,-41.0756,2923357
ouvidor,GO,-18.2277,-47.8355,5215504
pacaembu,SP,-21.5627,-51.2654,3534906
pacaja,PA,-3.83542,-50.6399,1505486
pacajus,CE,-4.17107,-38.465,2309607
pacaraima,RR,4.4799,-61.1477,1400456
pacatuba,CE,-3.9784,-38.6183,2309706
pacatuba,SE,-10.4538,-36.6531,2804904
paco do lumiar,MA,-2.51657,-44.1019,2107506
pacoti,CE,-4.22492,-38.922,2309805
pacuja,CE,-3.98327,-40.6989,2309904
padre bernardo,GO,-15.1605,-48.2833,5215603
padre carvalho,MG,-16.3646,-42.5088,3146255
padre marcos,PI,-7.35101,-40.8997,2207207
padre paraiso,MG,-17.0758,-41.4821,3146305
paes landim,PI,-7.77375,-42.2474,2207306
pai pedro,MG,-15.5271,-43.07,3146552
paial,SC,-27.2541,-52.4975,4211876
paicandu,PR,-23.4555,-52.046,4117503
paim filho,RS,-27.7075,-51.763,4313607
paineiras,MG,-18.8993,-45.5321,3146404
painel,SC,-27.9234,-50.0972,4211892
pains,MG,-20.3705,-45.6627,3146503
paiva,MG,-21.2913,-43.4088,3146602
pajeu do piaui,PI,-7.85508,-42.8248,2207355
palestina,AL,-9.67493,-37.339,2706208
palestina,SP,-20.39,-49.4309,3535002
palestina de goias,GO,-16.7392,-51.5309,5215652
palestina do para,PA,-5.74027,-48.3181,1505494
palhano,CE,-4.73672,-37.9655,2310001
palhoca,SC,-27.6455,-48.6697,4211900
palma,MG,-21.3748,-42.3123,3146701
palma sola,SC,-26.3471,-53.2771,4212007
palmacia,CE,-4.13831,-38.8446,2310100
palmares,PE,-8.68423,-35.589,2610004
palmares do sul,RS,-30.2535,-50.5103,4313656
palmares paulista,SP,-21.0854,-48.8037,3535101
palmas,PR,-26.4839,-51.9888,4117602
palmas,TO,-10.24,-48.3558,1721000
palmas de monte alto,BA,-14.2676,-43.1609,2923407
palmeira,PR,-25.4257,-50.007,4117701
palmeira,SC,-27.583,-50.1577,4212056
palmeira d'oeste,SP,-20.4148,-50.7632,3535200
palmeira das missoes,RS,-27.9007,-53.3134,4313706
palmeira do piaui,PI,-8.73076,-44.2466,2207405
palmeira dos indios,AL,-9.40568,-36.6328,2706307
palmeirais,PI,-5.97086,-43.056,2207504
palmeirandia,MA,-2.64433,-44.8933,2107605
palmeirante,TO,-7.84786,-47.9242,1715705
palmeiras,BA,-12.5059,-41.5809,2923506
palmeiras de goias,GO,-16.8044,-49.924,5215702
palmeiras do tocantins,TO,-6.61658,-47.5464,1713809
palmeirina,PE,-9.0109,-36.3242,2610103
palmeiropolis,TO,-13.0447,-48.4026,1715754
palmelo,GO,-17.3258,-48.426,5215801
palminopolis,GO,-16.7924,-50.1652,5215900
palmital,SP,-22.7858,-50.218,3535309
palmital,PR,-24.8853,-52.2029,4117800
palmitinho,RS,-27.3596,-53.558,4313805
palmitos,SC,-27.0702,-53.1586,4212106
palmopolis,MG,-16.7364,-40.4296,3146750
palotina,PR,-24.2868,-53.8404,4117909
panama,GO,-18.1783,-49.355,5216007
panambi,RS,-28.2833,-53.5023,4313904
pancas,ES,-19.2229,-40.8534,3204005
panelas,PE,-8.66121,-36.0125,2610202
panorama,SP,-21.354,-51.8562,3535408
pantano grande,RS,-30.1902,-52.3729,4313953
pao de acucar,AL,-9.74032,-37.4403,2706406
papagaios,MG,-19.4419,-44.7468,3146909
papanduva,SC,-26.3777,-50.1419,4212205
paqueta,PI,-7.10303,-41.7,2207553
para de minas,MG,-19.8534,-44.6114,3147105
paracambi,RJ,-22.6078,-43.7108,3303609
paracatu,MG,-17.2252,-46.8711,3147006
paracuru,CE,-3.41436,-39.03,2310209
paragominas,PA,-3.00212,-47.3527,1505502
paraguacu,MG,-21.5465,-45.7374,3147204
paraguacu paulista,SP,-22.4114,-50.5732,3535507
parai,RS,-28.5964,-51.7896,4314001
paraiba do sul,RJ,-22.1585,-43.304,3303708
paraibano,MA,-6.4264,-43.9792,2107704
paraibuna,SP,-23.3872,-45.6639,3535606
paraipaba,CE,-3.43799,-39.1479,2310258
paraiso,SP,-21.0159,-48.7761,3535705
paraiso,SC,-26.62,-53.6716,4212239
paraiso das aguas,MS,-19.0216,-53.0116,5006275
paraiso do norte,PR,-23.2824,-52.6054,4118006
paraiso do sul,RS,-29.6717,-53.144,4314027
paraiso do tocantins,TO,-10.175,-48.8823,1716109
paraisopolis,MG,-22.5539,-45.7803,3147303
parambu,CE,-6.20768,-40.6905,2310308
paramirim,BA,-13.4388,-42.2395,2923605
paramoti,CE,-4.08815,-39.2417,2310407
parana,TO,-12.6167,-47.8734,1716208
parana,RN,-6.47565,-38.3057,2408607
paranacity,PR,-22.9297,-52.1549,4118105
paranagua,PR,-25.5161,-48.5225,4118204
paranaiba,MS,-19.6746,-51.1909,5006309
paranaiguara,GO,-18.9141,-50.6539,5216304
paranaita,MT,-9.65835,-56.4786,5106299
paranapanema,SP,-23.3862,-48.7214,3535804
paranapoema,PR,-22.6412,-52.0905,4118303
paranapua,SP,-20.1048,-50.5886,3535903
paranatama,PE,-8.91875,-36.6549,2610301
paranatinga,MT,-14.4265,-54.0524,5106307
paranavai,PR,-23.0816,-52.4617,4118402
paranhos,MS,-23.8911,-55.429,5006358
paraopeba,MG,-19.2732,-44.4044,3147402
parapua,SP,-21.7792,-50.7949,3536000
parari,PB,-7.30975,-36.6522,2510659
paratinga,BA,-12.687,-43.1798,2923704
paraty,RJ,-23.2221,-44.7175,3303807
parau,RN,-5.76893,-37.1032,2408706
parauapebas,PA,-6.06781,-49.9037,1505536
parauna,GO,-16.9463,-50.4484,5216403
parazinho,RN,-5.22276,-35.8398,2408805
pardinho,SP,-23.0841,-48.3679,3536109
pareci novo,RS,-29.6365,-51.3974,4314035
parecis,RO,-12.1754,-61.6032,1101450
parelhas,RN,-6.68491,-36.6566,2408904
pariconha,AL,-9.25634,-37.9988,2706422
parintins,AM,-2.63741,-56.729,1303403
paripiranga,BA,-10.6859,-37.8626,2923803
paripueira,AL,-9.46313,-35.552,2706448
pariquera-acu,SP,-24.7147,-47.8742,3536208
parisi,SP,-20.3034,-50.0163,3536257
parnagua,PI,-10.2166,-44.63,2207603
parnaiba,PI,-2.90585,-41.7754,2207702
parnamirim,RN,-5.91116,-35.271,2403251
parnamirim,PE,-8.08729,-39.5795,2610400
parnarama,MA,-5.67365,-43.1011,2107803
parobe,RS,-29.6243,-50.8312,4314050
passa e fica,RN,-6.43018,-35.6442,2409100
passa quatro,MG,-22.3871,-44.9709,3147600
passa sete,RS,-29.4577,-52.9599,4314068
passa tempo,MG,-20.6539,-44.4926,3147709
passa-vinte,MG,-22.2097,-44.2344,3147808
passabem,MG,-19.3509,-43.1383,3147501
passagem,RN,-6.27268,-35.37,2409209
passagem,PB,-7.13467,-37.0433,2510709
passagem franca,MA,-6.17745,-43.7755,2107902
passagem franca do piaui,PI,-5.86036,-42.4436,2207751
passira,PE,-7.9971,-35.5813,2610509
passo de camaragibe,AL,-9.24511,-35.4745,2706505
passo de torres,SC,-29.3099,-49.722,4212254
passo do sobrado,RS,-29.748,-52.2748,4314076
passo fundo,RS,-28.2576,-52.4091,4314100
passos,MG,-20.7193,-46.609,3147907
passos maia,SC,-26.7829,-52.0568,4212270
pastos bons,MA,-6.60296,-44.0745,2108009
patis,MG,-16.0773,-44.0787,3147956
pato bragado,PR,-24.6271,-54.2265,4118451
pato branco,PR,-26.2292,-52.6706,4118501
patos,PB,-7.01743,-37.2747,2510808
patos de minas,MG,-18.5699,-46.5013,3148004
patos do piaui,PI,-7.67231,-41.2408,2207777
patrocinio,MG,-18.9379,-46.9934,3148103
patrocinio do muriae,MG,-21.1544,-42.2125,3148202
patrocinio paulista,SP,-20.6384,-47.2801,3536307
patu,RN,-6.10656,-37.6356,2409308
paty do alferes,RJ,-22.4309,-43.4285,3303856
pau brasil,BA,-15.4572,-39.6458,2923902
pau d'arco,PA,-1.59772,-46.9268,1505551
pau d'arco,TO,-7.53919,-49.367,1716307
pau d'arco do piaui,PI,-5.26072,-42.3908,2207793
pau dos ferros,RN,-6.10498,-38.2077,2409407
paudalho,PE,-7.90287,-35.1716,2610608
pauini,AM,-7.71311,-66.992,1303502
paula candido,MG,-20.8754,-42.9752,3148301
paula freitas,PR,-26.2105,-50.931,4118600
pauliceia,SP,-21.3153,-51.8321,3536406
paulinia,SP,-22.7542,-47.1488,3536505
paulino neves,MA,-2.72094,-42.5258,2108058
paulista,PB,-6.59138,-37.6185,2510907
paulista,PE,-7.93401,-34.8684,2610707
paulistana,PI,-8.13436,-41.1431,2207801
paulistania,SP,-22.5768,-49.4008,3536570
paulistas,MG,-18.4276,-42.8628,3148400
paulo afonso,BA,-9.3983,-38.2216,2924009
paulo bento,RS,-27.7051,-52.4169,4314134
paulo de faria,SP,-20.0296,-49.4,3536604
paulo frontin,PR,-26.0466,-50.8304,4118709
paulo jacinto,AL,-9.36792,-36.3672,2706604
paulo lopes,SC,-27.9607,-48.6864,4212304
paulo ramos,MA,-4.44485,-45.2398,2108108
pavao,MG,-17.4267,-41.0035,3148509
paverama,RS,-29.5486,-51.7339,4314159
pavussu,PI,-7.96059,-43.2284,2207850
pe de serra,BA,-11.8313,-39.611,2924058
peabiru,PR,-23.914,-52.3431,4118808
pecanha,MG,-18.5441,-42.5583,3148608
pederneiras,SP,-22.3511,-48.7781,3536703
pedra,PE,-8.49641,-36.94,2610806
pedra azul,MG,-16.0086,-41.2909,3148707
pedra bela,SP,-22.7902,-46.4455,3536802
pedra bonita,MG,-20.5219,-42.3304,3148756
pedra branca,PB,-7.42169,-38.0689,2511004
pedra branca,CE,-5.45341,-39.7078,2310506
pedra branca do amapari,AP,0.777424,-51.9503,1600154
pedra do anta,MG,-20.5968,-42.7123,3148806
pedra do indaia,MG,-20.2563,-45.2107,3148905
pedra dourada,MG,-20.8266,-42.1515,3149002
pedra grande,RN,-5.14988,-35.876,2409506
pedra lavrada,PB,-6.74997,-36.4758,2511103
pedra mole,SE,-10.6134,-37.6922,2805000
pedra preta,RN,-5.57352,-36.1084,2409605
pedra preta,MT,-16.6245,-54.4722,5106372
pedralva,MG,-22.2386,-45.4654,3149101
pedranopolis,SP,-20.2474,-50.1129,3536901
pedrao,BA,-12.1491,-38.6487,2924108
pedras altas,RS,-31.7365,-53.5814,4314175
pedras de fogo,PB,-7.39107,-35.1065,2511202
pedras de maria da cruz,MG,-15.6032,-44.391,3149150
pedras grandes,SC,-28.4339,-49.1949,4212403
pedregulho,SP,-20.2535,-47.4775,3537008
pedreira,SP,-22.7413,-46.8948,3537107
pedreiras,MA,-4.56482,-44.6006,2108207
pedrinhas,SE,-11.1902,-37.6775,2805109
pedrinhas paulista,SP,-22.8174,-50.7933,3537156
pedrinopolis,MG,-19.2241,-47.4579,3149200
pedro afonso,TO,-8.97034,-48.1729,1716505
pedro alexandre,BA,-10.012,-37.8932,2924207
pedro avelino,RN,-5.5161,-36.3867,2409704
pedro canario,ES,-18.3004,-39.9574,3204054
pedro de toledo,SP,-24.2764,-47.2354,3537206
pedro do rosario,MA,-2.97272,-45.3493,2108256
pedro gomes,MS,-18.0996,-54.5507,5006408
pedro ii,PI,-4.42585,-41.4482,2207900
pedro laurentino,PI,-8.06807,-42.2847,2207934
pedro leopoldo,MG,-19.6308,-44.0383,3149309
pedro osorio,RS,-31.8642,-52.8184,4314209
pedro regis,PB,-6.63323,-35.2966,2512721
pedro teixeira,MG,-21.7076,-43.743,3149408
pedro velho,RN,-6.4356,-35.2195,2409803
peixe,TO,-12.0254,-48.5395,1716604
peixe-boi,PA,-1.19382,-47.324,1505601
peixoto de azevedo,MT,-10.2262,-54.9794,5106422
pejucara,RS,-28.4283,-53.6579,4314308
pelotas,RS,-31.7649,-52.3371,4314407
penaforte,CE,-7.82163,-39.0707,2310605
penalva,MA,-3.27674,-45.1768,2108306
penapolis,SP,-21.4148,-50.0769,3537305
pendencias,RN,-5.2564,-36.7095,2409902
penedo,AL,-10.2874,-36.5819,2706703
penha,SC,-26.7754,-48.6465,4212502
pentecoste,CE,-3.79274,-39.2692,2310704
pequeri,MG,-21.8341,-43.1145,3149507
pequi,MG,-19.6284,-44.6604,3149606
pequizeiro,TO,-8.5932,-48.9327,1716653
perdigao,MG,-19.9411,-45.078,3149705
perdizes,MG,-19.3434,-47.2963,3149804
perdoes,MG,-21.0932,-45.0896,3149903
pereira barreto,SP,-20.6368,-51.1123,3537404
pereiras,SP,-23.0804,-47.972,3537503
pereiro,CE,-6.03576,-38.4624,2310803
peri mirim,MA,-2.57676,-44.8504,2108405
periquito,MG,-19.1573,-42.2333,3149952
peritiba,SC,-27.3754,-51.9018,4212601
peritoro,MA,-4.37459,-44.3369,2108454
perobal,PR,-23.8949,-53.4098,4118857
perola,PR,-23.8039,-53.6834,4118907
perola d'oeste,PR,-25.8278,-53.7433,4119004
perolandia,GO,-17.5258,-52.065,5216452
peruibe,SP,-24.312,-47.0012,3537602
pescador,MG,-18.357,-41.6006,3150000
pescaria brava,SC,-28.3966,-48.8864,4212650
pesqueira,PE,-8.35797,-36.6978,2610905
petrolandia,PE,-9.06863,-38.3027,2611002
petrolandia,SC,-27.5346,-49.6937,4212700
petrolina,PE,-9.38866,-40.5027,2611101
petrolina de goias,GO,-16.0968,-49.3364,5216809
petropolis,RJ,-22.52,-43.1926,3303906
piacabucu,AL,-10.406,-36.434,2706802
piacatu,SP,-21.5921,-50.6003,3537701
pianco,PB,-7.19282,-37.9289,2511301
piata,BA,-13.1465,-41.7702,2924306
piau,MG,-21.5096,-43.313,3150109
picada cafe,RS,-29.4464,-51.1367,4314423
picarra,PA,-6.43778,-48.8716,1505635
picos,PI,-7.07721,-41.467,2208007
picui,PB,-6.50845,-36.3497,2511400
piedade,SP,-23.7139,-47.4256,3537800
piedade de caratinga,MG,-19.7593,-42.0756,3150158
piedade de ponte nova,MG,-20.2438,-42.7379,3150208
piedade do rio grande,MG,-21.469,-44.1938,3150307
piedade dos gerais,MG,-20.4715,-44.2243,3150406
pien,PR,-26.0965,-49.4336,4119103
pilao arcado,BA,-10.0051,-42.4936,2924405
pilar,PB,-7.26403,-35.2523,2511509
pilar,AL,-9.60135,-35.9543,2706901
pilar de goias,GO,-14.7608,-49.5784,5216908
pilar do sul,SP,-23.8077,-47.7222,3537909
piloes,RN,-6.26364,-38.0461,2410009
piloes,PB,-6.86827,-35.613,2511608
piloezinhos,PB,-6.84277,-35.531,2511707
pimenta,MG,-20.4827,-45.8049,3150505
pimenta bueno,RO,-11.672,-61.198,1100189
pimenteiras,PI,-6.23839,-41.4113,2208106
pimenteiras do oeste,RO,-13.4823,-61.0471,1101468
pindai,BA,-14.4921,-42.686,2924504
pindamonhangaba,SP,-22.9246,-45.4613,3538006
pindare-mirim,MA,-3.60985,-45.342,2108504
pindoba,AL,-9.47382,-36.2918,2707008
pindobacu,BA,-10.7433,-40.3675,2924603
pindorama,SP,-21.1853,-48.9086,3538105
pindorama do tocantins,TO,-11.1311,-47.5726,1717008
pindoretama,CE,-4.01584,-38.3061,2310852
pingo-d'agua,MG,-19.7287,-42.4095,3150539
pinhais,PR,-25.4429,-49.1927,4119152
pinhal,RS,-27.508,-53.2082,4314456
pinhal da serra,RS,-27.8751,-51.1673,4314464
pinhal de sao bento,PR,-26.0324,-53.482,4119251
pinhal grande,RS,-29.345,-53.3206,4314472
pinhalao,PR,-23.7982,-50.0536,4119202
pinhalzinho,SP,-22.7811,-46.5897,3538204
pinhalzinho,SC,-26.8495,-52.9913,4212908
pinhao,SE,-10.5677,-37.7242,2805208
pinhao,PR,-25.6944,-51.6536,4119301
pinheiral,RJ,-22.5172,-44.0022,3303955
pinheirinho do vale,RS,-27.2109,-53.608,4314498
pinheiro,MA,-2.52224,-45.0788,2108603
pinheiro machado,RS,-31.5794,-53.3798,4314506
pinheiro preto,SC,-27.0483,-51.2243,4213005
pinheiros,ES,-18.4141,-40.2171,3204104
pintadas,BA,-11.8117,-39.9009,2924652
pinto bandeira,RS,-29.0975,-51.4503,4314548
pintopolis,MG,-16.0572,-45.1402,3150570
pio ix,PI,-6.83002,-40.6083,2208205
pio xii,MA,-3.89315,-45.1759,2108702
piquerobi,SP,-21.8747,-51.7282,3538303
piquet carneiro,CE,-5.80025,-39.417,2310902
piquete,SP,-22.6069,-45.1869,3538501
piracaia,SP,-23.0525,-46.3594,3538600
piracanjuba,GO,-17.302,-49.017,5217104
piracema,MG,-20.5089,-44.4783,3150604
piracicaba,SP,-22.7338,-47.6476,3538709
piracuruca,PI,-3.93335,-41.7088,2208304
pirai,RJ,-22.6215,-43.9081,3304003
pirai do norte,BA,-13.759,-39.3836,2924678
pirai do sul,PR,-24.5306,-49.9433,4119400
piraju,SP,-23.1981,-49.3803,3538808
pirajuba,MG,-19.9092,-48.7027,3150703
pirajui,SP,-21.999,-49.4608,3538907
pirambu,SE,-10.7215,-36.8544,2805307
piranga,MG,-20.6834,-43.2967,3150802
pirangi,SP,-21.0886,-48.6607,3539004
pirangucu,MG,-22.5249,-45.4945,3150901
piranguinho,MG,-22.395,-45.5324,3151008
piranhas,AL,-9.624,-37.757,2707107
piranhas,GO,-16.4258,-51.8235,5217203
pirapemas,MA,-3.72041,-44.2216,2108801
pirapetinga,MG,-21.6554,-42.3434,3151107
pirapo,RS,-28.0439,-55.2001,4314555
pirapora,MG,-17.3392,-44.934,3151206
pirapora do bom jesus,SP,-23.3965,-46.9991,3539103
pirapozinho,SP,-22.2711,-51.4976,3539202
piraquara,PR,-25.4422,-49.0624,4119509
piraque,TO,-6.77302,-48.2958,1717206
pirassununga,SP,-21.996,-47.4257,3539301
piratini,RS,-31.4473,-53.0973,4314605
piratininga,SP,-22.4142,-49.1339,3539400
piratuba,SC,-27.4242,-51.7668,4213104
pirauba,MG,-21.2825,-43.0172,3151305
pirenopolis,GO,-15.8507,-48.9584,5217302
pires do rio,GO,-17.3019,-48.2768,5217401
pires ferreira,CE,-4.23922,-40.6442,2310951
piripa,BA,-14.9444,-41.7168,2924702
piripiri,PI,-4.27157,-41.7716,2208403
piritiba,BA,-11.73,-40.5587,2924801
pirpirituba,PB,-6.77922,-35.4906,2511806
pitanga,PR,-24.7588,-51.7596,4119608
pitangueiras,SP,-21.0132,-48.221,3539509
pitangueiras,PR,-23.2281,-51.5873,4119657
pitangui,MG,-19.6741,-44.8964,3151404
pitimbu,PB,-7.4664,-34.8151,2511905
pium,TO,-10.442,-49.1876,1717503
piuma,ES,-20.8334,-40.7268,3204203
piumhi,MG,-20.4762,-45.9589,3151503
placas,PA,-3.86813,-54.2124,1505650
placido de castro,AC,-10.2806,-67.1371,1200385
planaltina,GO,-15.452,-47.6089,5217609
planaltina do parana,PR,-23.0101,-52.9162,4119707
planaltino,BA,-13.2618,-40.3695,2924900
planalto,BA,-14.6654,-40.4718,2925006
planalto,RS,-27.3297,-53.0575,4314704
planalto,SP,-21.0342,-49.933,3539608
planalto,PR,-25.7211,-53.7642,4119806
planalto alegre,SC,-27.0704,-52.867,4213153
planalto da serra,MT,-14.6518,-54.7819,5106455
planura,MG,-20.1376,-48.7,3151602
platina,SP,-22.6371,-50.2104,3539707
poa,SP,-23.5333,-46.3473,3539806
pocao,PE,-8.18726,-36.7111,2611200
pocao de pedras,MA,-4.74626,-44.9432,2108900
pocinhos,PB,-7.06658,-36.0668,2512002
poco branco,RN,-5.62233,-35.6635,2410108
poco dantas,PB,-6.39876,-38.4909,2512036
poco das antas,RS,-29.4481,-51.6719,4314753
poco das trincheiras,AL,-9.30742,-37.2889,2707206
poco de jose de moura,PB,-6.56401,-38.5111,2512077
poco fundo,MG,-21.78,-45.9658,3151701
poco redondo,SE,-9.80616,-37.6833,2805406
poco verde,SE,-10.7151,-38.1813,2805505
pocoes,BA,-14.5234,-40.3634,2925105
pocone,MT,-16.266,-56.6261,5106505
pocos de caldas,MG,-21.78,-46.5692,3151800
pocrane,MG,-19.6208,-41.6334,3151909
pojuca,BA,-12.4303,-38.3374,2925204
poloni,SP,-20.7829,-49.8258,3539905
pombal,PB,-6.76606,-37.8003,2512101
pombos,PE,-8.13982,-35.3967,2611309
pomerode,SC,-26.7384,-49.1785,4213203
pompeia,SP,-22.107,-50.176,3540002
pompeu,MG,-19.2257,-45.0141,3152006
pongai,SP,-21.7396,-49.3604,3540101
ponta de pedras,PA,-1.39587,-48.8661,1505700
ponta grossa,PR,-25.0916,-50.1668,4119905
ponta pora,MS,-22.5296,-55.7203,5006606
pontal,SP,-21.0216,-48.0423,3540200
pontal do araguaia,MT,-15.9274,-52.3273,5106653
pontal do parana,PR,-25.6735,-48.5111,4119954
pontalina,GO,-17.5225,-49.4489,5217708
pontalinda,SP,-20.4396,-50.5258,3540259
pontao,RS,-28.0585,-52.6791,4314779
ponte alta,SC,-27.4835,-50.3764,4213302
ponte alta do bom jesus,TO,-12.0853,-46.4825,1717800
ponte alta do norte,SC,-27.1591,-50.4659,4213351
ponte alta do tocantins,TO,-10.7481,-47.5276,1717909
ponte branca,MT,-16.7584,-52.8369,5106703
ponte nova,MG,-20.4111,-42.8978,3152105
ponte preta,RS,-27.6587,-52.4848,4314787
ponte serrada,SC,-26.8733,-52.0112,4213401
pontes e lacerda,MT,-15.2219,-59.3435,5106752
pontes gestal,SP,-20.1727,-49.7064,3540309
ponto belo,ES,-18.1253,-40.5458,3204252
ponto chique,MG,-16.6282,-45.0588,3152131
ponto dos volantes,MG,-16.7473,-41.5025,3152170
ponto novo,BA,-10.8653,-40.1311,2925253
populina,SP,-19.9453,-50.538,3540408
poranga,CE,-4.74672,-40.9205,2311009
porangaba,SP,-23.1761,-48.1195,3540507
porangatu,GO,-13.4391,-49.1503,5218003
porciuncula,RJ,-20.9632,-42.0465,3304102
porecatu,PR,-22.7537,-51.3795,4120002
portalegre,RN,-6.02064,-37.9865,2410207
portao,RS,-29.7015,-51.2429,4314803
porteirao,GO,-17.8143,-50.1653,5218052
porteiras,CE,-7.52265,-39.114,2311108
porteirinha,MG,-15.7404,-43.0281,3152204
portel,PA,-1.93639,-50.8194,1505809
portelandia,GO,-17.3554,-52.6799,5218102
porto,PI,-3.88815,-42.6998,2208502
porto acre,AC,-9.58138,-67.5478,1200807
porto alegre,RS,-30.0318,-51.2065,4314902
porto alegre do norte,MT,-10.8761,-51.6357,5106778
porto alegre do piaui,PI,-6.96423,-44.1837,2208551
porto alegre do tocantins,TO,-11.618,-47.0621,1718006
porto amazonas,PR,-25.54,-49.8946,4120101
porto barreiro,PR,-25.5477,-52.4067,4120150
porto belo,SC,-27.1586,-48.5469,4213500
porto calvo,AL,-9.05195,-35.3987,2707305
porto da folha,SE,-9.91626,-37.2842,2805604
porto de moz,PA,-1.74691,-52.2361,1505908
porto de pedras,AL,-9.16006,-35.3049,2707404
porto do mangue,RN,-5.05441,-36.7887,2410256
porto dos gauchos,MT,-11.533,-57.4132,5106802
porto esperidiao,MT,-15.857,-58.4619,5106828
porto estrela,MT,-15.3235,-57.2204,5106851
porto feliz,SP,-23.2093,-47.5251,3540606
porto ferreira,SP,-21.8498,-47.487,3540705
porto firme,MG,-20.6642,-43.0834,3152303
porto franco,MA,-6.34149,-47.3962,2109007
porto grande,AP,0.71243,-51.4155,1600535
porto lucena,RS,-27.8569,-55.01,4315008
porto maua,RS,-27.5796,-54.6657,4315057
porto murtinho,MS,-21.6981,-57.8836,5006903
porto nacional,TO,-10.7027,-48.408,1718204
porto real,RJ,-22.4175,-44.2952,3304110
porto real do colegio,AL,-10.1849,-36.8376,2707503
porto rico,PR,-22.7747,-53.2677,4120200
porto rico do maranhao,MA,-1.85925,-44.5842,2109056
porto seguro,BA,-16.4435,-39.0643,2925303
porto uniao,SC,-26.2451,-51.0759,4213609
porto velho,RO,-8.76077,-63.8999,1100205
porto vera cruz,RS,-27.7405,-54.8994,4315073
porto vitoria,PR,-26.1674,-51.231,4120309
porto walter,AC,-8.26323,-72.7537,1200393
porto xavier,RS,-27.9082,-55.1379,4315107
posse,GO,-14.0859,-46.3704,5218300
pote,MG,-17.8077,-41.786,3152402
potengi,CE,-7.09154,-40.0233,2311207
potim,SP,-22.8343,-45.2552,3540754
potiragua,BA,-15.5943,-39.8638,2925402
potirendaba,SP,-21.0428,-49.3815,3540804
potiretama,CE,-5.71287,-38.1578,2311231
pouso alegre,MG,-22.2266,-45.9389,3152501
pouso alto,MG,-22.1964,-44.9748,3152600
pouso novo,RS,-29.1738,-52.2136,4315131
pouso redondo,SC,-27.2567,-49.9301,4213708
poxoreu,MT,-15.8299,-54.4208,5107008
pracinha,SP,-21.8496,-51.0868,3540853
pracuuba,AP,1.74543,-50.7892,1600550
prado,BA,-17.3364,-39.2227,2925501
prado ferreira,PR,-23.0357,-51.4429,4120333
pradopolis,SP,-21.3626,-48.0679,3540903
prados,MG,-21.0597,-44.0778,3152709
praia grande,SP,-24.0084,-46.4121,3541000
praia grande,SC,-29.1918,-49.9525,4213807
praia norte,TO,-5.39281,-47.8111,1718303
prainha,PA,-1.798,-53.4779,1506005
pranchita,PR,-26.0209,-53.7397,4120358
prata,MG,-19.3086,-48.9276,3152808
prata,PB,-7.68826,-37.0801,2512200
prata do piaui,PI,-5.67265,-42.2046,2208601
pratania,SP,-22.8112,-48.6636,3541059
pratapolis,MG,-20.7411,-46.8624,3152907
pratinha,MG,-19.739,-46.3755,3153004
presidente alves,SP,-22.0999,-49.4381,3541109
presidente bernardes,SP,-22.0082,-51.5565,3541208
presidente bernardes,MG,-20.7656,-43.1895,3153103
presidente castello branco,SC,-27.2218,-51.8089,4213906
presidente castelo branco,PR,-23.2782,-52.1536,4120408
presidente dutra,BA,-11.2923,-41.9843,2925600
presidente dutra,MA,-5.2898,-44.495,2109106
presidente epitacio,SP,-21.7651,-52.1111,3541307
presidente figueiredo,AM,-2.02981,-60.0234,1303536
presidente getulio,SC,-27.0474,-49.6246,4214003
presidente janio quadros,BA,-14.6885,-41.6798,2925709
presidente juscelino,MG,-18.6401,-44.06,3153202
presidente juscelino,MA,-2.91872,-44.0715,2109205
presidente kennedy,TO,-8.5406,-48.5062,1718402
presidente kennedy,ES,-21.0964,-41.0468,3204302
presidente kubitschek,MG,-18.6193,-43.5628,3153301
presidente lucena,RS,-29.5175,-51.1798,4315149
presidente medici,RO,-11.169,-61.8986,1100254
presidente medici,MA,-2.38991,-45.82,2109239
presidente nereu,SC,-27.2768,-49.3889,4214102
presidente olegario,MG,-18.4096,-46.4165,3153400
presidente prudente,SP,-22.1207,-51.3925,3541406
presidente sarney,MA,-2.58799,-45.3595,2109270
presidente tancredo neves,BA,-13.4471,-39.4203,2925758
presidente vargas,MA,-3.40787,-44.0234,2109304
presidente venceslau,SP,-21.8732,-51.8447,3541505
primavera,PE,-8.32999,-35.3544,2611408
primavera,PA,-0.945439,-47.1253,1506104
primavera de rondonia,RO,-11.8295,-61.3153,1101476
primavera do leste,MT,-15.544,-54.2811,5107040
primeira cruz,MA,-2.50568,-43.4232,2109403
primeiro de maio,PR,-22.8517,-51.0293,4120507
princesa,SC,-26.4441,-53.5994,4214151
princesa isabel,PB,-7.73175,-37.9886,2512309
professor jamil,GO,-17.2497,-49.244,5218391
progresso,RS,-29.2441,-52.3197,4315156
promissao,SP,-21.5356,-49.8599,3541604
propria,SE,-10.2138,-36.8442,2805703
protasio alves,RS,-28.7572,-51.4757,4315172
prudente de morais,MG,-19.4742,-44.1591,3153608
prudentopolis,PR,-25.2111,-50.9754,4120606
pugmil,TO,-10.424,-48.8957,1718451
pureza,RN,-5.46393,-35.5554,2410405
putinga,RS,-29.0045,-52.1569,4315206
puxinana,PB,-7.15479,-35.9543,2512408
quadra,SP,-23.2993,-48.0547,3541653
quarai,RS,-30.384,-56.4483,4315305
quartel geral,MG,-19.2703,-45.5569,3153707
quarto centenario,PR,-24.2775,-53.0759,4120655
quata,SP,-22.2456,-50.6966,3541703
quatigua,PR,-23.5671,-49.916,4120705
quatipuru,PA,-0.899604,-47.0134,1506112
quatis,RJ,-22.4045,-44.2597,3304128
quatro barras,PR,-25.3673,-49.0763,4120804
quatro irmaos,RS,-27.8257,-52.4424,4315313
quatro pontes,PR,-24.5752,-53.9759,4120853
quebrangulo,AL,-9.32001,-36.4692,2707602
quedas do iguacu,PR,-25.4492,-52.9102,4120903
queimada nova,PI,-8.57064,-41.4106,2208650
queimadas,PB,-7.35029,-35.9031,2512507
queimadas,BA,-10.9736,-39.6293,2925808
queimados,RJ,-22.7102,-43.5518,3304144
queiroz,SP,-21.7969,-50.2415,3541802
queluz,SP,-22.5312,-44.7781,3541901
queluzito,MG,-20.7416,-43.8851,3153806
querencia,MT,-12.6093,-52.1821,5107065
querencia do norte,PR,-23.0838,-53.483,4121000
quevedos,RS,-29.3504,-54.0789,4315321
quijingue,BA,-10.7505,-39.2137,2925907
quilombo,SC,-26.7264,-52.724,4214201
quinta do sol,PR,-23.8533,-52.1309,4121109
quintana,SP,-22.0692,-50.307,3542008
quinze de novembro,RS,-28.7466,-53.1011,4315354
quipapa,PE,-8.81175,-36.0137,2611507
quirinopolis,GO,-18.4472,-50.4547,5218508
quissama,RJ,-22.1031,-41.4693,3304151
quitandinha,PR,-25.8734,-49.4973,4121208
quiterianopolis,CE,-5.8425,-40.7002,2311264
quixaba,PB,-7.0224,-37.1458,2512606
quixaba,PE,-7.70734,-37.8446,2611533
quixabeira,BA,-11.4031,-40.12,2925931
quixada,CE,-4.9663,-39.0155,2311306
quixelo,CE,-6.24637,-39.2011,2311355
quixeramobim,CE,-5.19067,-39.2889,2311405
quixere,CE,-5.07148,-37.9802,2311504
rafael fernandes,RN,-6.18987,-38.2211,2410504
rafael godeiro,RN,-6.07244,-37.716,2410603
rafael jambeiro,BA,-12.4053,-39.5007,2925956
rafard,SP,-23.0105,-47.5318,3542107
ramilandia,PR,-25.1195,-54.023,4121257
rancharia,SP,-22.2269,-50.893,3542206
rancho alegre,PR,-23.0676,-50.9145,4121307
rancho alegre d'oeste,PR,-24.3065,-52.9552,4121356
rancho queimado,SC,-27.6727,-49.0191,4214300
raposa,MA,-2.4254,-44.0973,2109452
raposos,MG,-19.9636,-43.8079,3153905
raul soares,MG,-20.1061,-42.4502,3154002
realeza,PR,-25.7711,-53.526,4121406
reboucas,PR,-25.6232,-50.6877,4121505
recife,PE,-8.04666,-34.8771,2611606
recreio,MG,-21.5289,-42.4676,3154101
recursolandia,TO,-8.7227,-47.2421,1718501
redencao,PA,-8.02529,-50.0317,1506138
redencao,CE,-4.21587,-38.7277,2311603
redencao da serra,SP,-23.2638,-45.5422,3542305
redencao do gurgueia,PI,-9.47937,-44.5811,2208700
redentora,RS,-27.664,-53.6407,4315404
reduto,MG,-20.2401,-41.9848,3154150
regeneracao,PI,-6.23115,-42.6842,2208809
regente feijo,SP,-22.2181,-51.3055,3542404
reginopolis,SP,-21.8914,-49.2268,3542503
registro,SP,-24.4979,-47.8449,3542602
relvado,RS,-29.1164,-52.0778,4315453
remanso,BA,-9.61944,-42.0848,2926004
remigio,PB,-6.94992,-35.8011,2512705
renascenca,PR,-26.1588,-52.9703,4121604
reriutaba,CE,-4.14191,-40.5759,2311702
resende,RJ,-22.4705,-44.4509,3304201
resende costa,MG,-20.9171,-44.2407,3154200
reserva,PR,-24.6492,-50.8466,4121703
reserva do cabacal,MT,-15.0743,-58.4585,5107156
reserva do iguacu,PR,-25.8319,-52.0272,4121752
resplendor,MG,-19.3194,-41.2462,3154309
ressaquinha,MG,-21.0642,-43.7598,3154408
restinga,SP,-20.6056,-47.4833,3542701
restinga seca,RS,-29.8188,-53.3807,4315503
retirolandia,BA,-11.4832,-39.4234,2926103
riachao,PB,-6.54269,-35.661,2512747
riachao,MA,-7.35819,-46.6225,2109502
riachao das neves,BA,-11.7508,-44.9143,2926202
riachao do bacamarte,PB,-7.25347,-35.6693,2512754
riachao do dantas,SE,-11.0729,-37.731,2805802
riachao do jacuipe,BA,-11.8067,-39.3818,2926301
riachao do poco,PB,-7.14173,-35.2914,2512762
riachinho,TO,-6.44005,-48.1371,1718550
riachinho,MG,-16.2258,-45.9888,3154457
riacho da cruz,RN,-5.92654,-37.949,2410702
riacho das almas,PE,-8.13742,-35.8648,2611705
riacho de santana,RN,-6.25139,-38.3116,2410801
riacho de santana,BA,-13.6059,-42.9397,2926400
riacho de santo antonio,PB,-7.68023,-36.157,2512788
riacho dos cavalos,PB,-6.44067,-37.6483,2512804
riacho dos machados,MG,-16.0091,-43.0488,3154507
riacho frio,PI,-10.1244,-44.9503,2208858
riachuelo,RN,-5.82156,-35.8215,2410900
riachuelo,SE,-10.735,-37.1966,2805901
rialma,GO,-15.3145,-49.5814,5218607
rianapolis,GO,-15.4456,-49.5114,5218706
ribamar fiquene,MA,-5.93067,-47.3888,2109551
ribas do rio pardo,MS,-20.4445,-53.7588,5007109
ribeira,SP,-24.6517,-49.0044,3542800
ribeira do amparo,BA,-11.0421,-38.4242,2926509
ribeira do piaui,PI,-7.69028,-42.7128,2208874
ribeira do pombal,BA,-10.8373,-38.5382,2926608
ribeirao,PE,-8.50957,-35.3698,2611804
ribeirao bonito,SP,-22.0685,-48.182,3542909
ribeirao branco,SP,-24.2206,-48.7635,3543006
ribeirao cascalheira,MT,-12.9367,-51.8244,5107180
ribeirao claro,PR,-23.1941,-49.7597,4121802
ribeirao corrente,SP,-20.4579,-47.5904,3543105
ribeirao das neves,MG,-19.7621,-44.0844,3154606
ribeirao do largo,BA,-15.4508,-40.7441,2926657
ribeirao do pinhal,PR,-23.4091,-50.3601,4121901
ribeirao do sul,SP,-22.789,-49.933,3543204
ribeirao dos indios,SP,-21.8382,-51.6103,3543238
ribeirao grande,SP,-24.1011,-48.3679,3543253
ribeirao pires,SP,-23.7067,-46.4058,3543303
ribeirao preto,SP,-21.1699,-47.8099,3543402
ribeirao vermelho,MG,-21.1879,-45.0637,3154705
ribeiraozinho,MT,-16.4856,-52.6924,5107198
ribeiro goncalves,PI,-7.55651,-45.2447,2208908
ribeiropolis,SE,-10.5357,-37.438,2806008
rifaina,SP,-20.0803,-47.4291,3543600
rincao,SP,-21.5894,-48.0728,3543709
rinopolis,SP,-21.7284,-50.7239,3543808
rio acima,MG,-20.0876,-43.7878,3154804
rio azul,PR,-25.7306,-50.7985,4122008
rio bananal,ES,-19.2719,-40.3366,3204351
rio bom,PR,-23.7606,-51.4122,4122107
rio bonito,RJ,-22.7181,-42.6276,3304300
rio bonito do iguacu,PR,-25.4874,-52.5292,4122156
rio branco,MT,-15.2483,-58.1259,5107206
rio branco,AC,-9.97499,-67.8243,1200401
rio branco do ivai,PR,-24.3244,-51.3187,4122172
rio branco do sul,PR,-25.1892,-49.3115,4122206
rio brilhante,MS,-21.8033,-54.5427,5007208
rio casca,MG,-20.2285,-42.6462,3154903
rio claro,RJ,-22.72,-44.1419,3304409
rio claro,SP,-22.3984,-47.5546,3543907
rio crespo,RO,-9.69965,-62.9011,1100262
rio da conceicao,TO,-11.3949,-46.8847,1718659
rio das antas,SC,-26.8946,-51.0674,4214409
rio das flores,RJ,-22.1692,-43.5856,3304508
rio das ostras,RJ,-22.5174,-41.9475,3304524
rio das pedras,SP,-22.8417,-47.6047,3544004
rio de contas,BA,-13.5852,-41.8048,2926707
rio de janeiro,RJ,-22.9129,-43.2003,3304557
rio do antonio,BA,-14.4071,-42.0721,2926806
rio do campo,SC,-26.9452,-50.136,4214508
rio do fogo,RN,-5.2765,-35.3794,2408953
rio do oeste,SC,-27.1952,-49.7989,4214607
rio do pires,BA,-13.1185,-42.2902,2926905
rio do prado,MG,-16.6056,-40.5714,3155108
rio do sul,SC,-27.2156,-49.643,4214805
rio doce,MG,-20.2412,-42.8995,3155009
rio dos bois,TO,-9.34425,-48.5245,1718709
rio dos cedros,SC,-26.7398,-49.2718,4214706
rio dos indios,RS,-27.2973,-52.8417,4315552
rio espera,MG,-20.855,-43.4721,3155207
rio formoso,PE,-8.6592,-35.1532,2611903
rio fortuna,SC,-28.1244,-49.1068,4214904
rio grande,RS,-32.0349,-52.1071,4315602
rio grande da serra,SP,-23.7437,-46.3971,3544103
rio grande do piaui,PI,-7.78029,-43.1369,2209005
rio largo,AL,-9.47783,-35.8394,2707701
rio manso,MG,-20.2666,-44.3069,3155306
rio maria,PA,-7.31236,-50.0379,1506161
rio negrinho,SC,-26.2591,-49.5177,4215000
rio negro,MS,-19.447,-54.9859,5007307
rio negro,PR,-26.095,-49.7982,4122305
rio novo,MG,-21.4649,-43.1168,3155405
rio novo do sul,ES,-20.8556,-40.9388,3204401
rio paranaiba,MG,-19.1861,-46.2455,3155504
rio pardo,RS,-29.988,-52.3711,4315701
rio pardo de minas,MG,-15.616,-42.5405,3155603
rio piracicaba,MG,-19.9284,-43.1829,3155702
rio pomba,MG,-21.2712,-43.1696,3155801
rio preto,MG,-22.0861,-43.8293,3155900
rio preto da eva,AM,-2.7045,-59.6858,1303569
rio quente,GO,-17.774,-48.7725,5218789
rio real,BA,-11.4814,-37.9332,2927002
rio rufino,SC,-27.8592,-49.7754,4215059
rio sono,TO,-9.35002,-47.888,1718758
rio tinto,PB,-6.80383,-35.0776,2512903
rio verde,GO,-17.7923,-50.9192,5218805
rio verde de mato grosso,MS,-18.9249,-54.8434,5007406
rio vermelho,MG,-18.2922,-43.0018,3156007
riolandia,SP,-19.9868,-49.6836,3544202
riozinho,RS,-29.639,-50.4488,4315750
riqueza,SC,-27.0653,-53.3265,4215075
ritapolis,MG,-21.0276,-44.3204,3156106
riversul,SP,-23.829,-49.429,3543501
roca sales,RS,-29.2884,-51.8658,4315800
rochedo,MS,-19.9565,-54.8848,5007505
rochedo de minas,MG,-21.6284,-43.0165,3156205
rodeio,SC,-26.9243,-49.3649,4215109
rodeio bonito,RS,-27.4742,-53.1706,4315909
rodeiro,MG,-21.2035,-42.8586,3156304
rodelas,BA,-8.85021,-38.78,2927101
rodolfo fernandes,RN,-5.78393,-38.0579,2411007
rodrigues alves,AC,-7.73864,-72.661,1200427
rolador,RS,-28.2566,-54.8186,4315958
rolandia,PR,-23.3101,-51.3659,4122404
rolante,RS,-29.6462,-50.5819,4316006
rolim de moura,RO,-11.7271,-61.7714,1100288
romaria,MG,-18.8838,-47.5782,3156403
romelandia,SC,-26.6809,-53.3172,4215208
roncador,PR,-24.5958,-52.2716,4122503
ronda alta,RS,-27.7758,-52.8056,4316105
rondinha,RS,-27.8315,-52.9081,4316204
rondolandia,MT,-10.8376,-61.4697,5107578
rondon,PR,-23.412,-52.7659,4122602
rondon do para,PA,-4.77793,-48.067,1506187
rondonopolis,MT,-16.4673,-54.6372,5107602
roque gonzales,RS,-28.1297,-55.0266,4316303
rorainopolis,RR,0.939956,-60.4389,1400472
rosana,SP,-22.5782,-53.0603,3544251
rosario,MA,-2.93444,-44.2531,2109601
rosario da limeira,MG,-20.9812,-42.5112,3156452
rosario do catete,SE,-10.6904,-37.0357,2806107
rosario do ivai,PR,-24.2682,-51.272,4122651
rosario do sul,RS,-30.2515,-54.9221,4316402
rosario oeste,MT,-14.8259,-56.4236,5107701
roseira,SP,-22.8938,-45.307,3544301
roteiro,AL,-9.83503,-35.9782,2707800
rubelita,MG,-16.4053,-42.261,3156502
rubiacea,SP,-21.3006,-50.7296,3544400
rubiataba,GO,-15.1617,-49.8048,5218904
rubim,MG,-16.3775,-40.5397,3156601
rubineia,SP,-20.1759,-51.007,3544509
ruropolis,PA,-4.10028,-54.9092,1506195
russas,CE,-4.92673,-37.9721,2311801
ruy barbosa,RN,-5.88745,-35.933,2411106
ruy barbosa,BA,-12.2816,-40.4931,2927200
sabara,MG,-19.884,-43.8263,3156700
sabaudia,PR,-23.3155,-51.555,4122701
sabino,SP,-21.4593,-49.5755,3544608
sabinopolis,MG,-18.6653,-43.0752,3156809
saboeiro,CE,-6.5346,-39.9017,2311900
sacramento,MG,-19.8622,-47.4508,3156908
sagrada familia,RS,-27.7085,-53.1351,4316428
sagres,SP,-21.8823,-50.9594,3544707
saire,PE,-8.32864,-35.6967,2612000
saldanha marinho,RS,-28.3941,-53.097,4316436
sales,SP,-21.3427,-49.4897,3544806
sales oliveira,SP,-20.7696,-47.8369,3544905
salesopolis,SP,-23.5288,-45.8465,3545001
salete,SC,-26.9798,-49.9988,4215307
salgadinho,PB,-7.10098,-36.8458,2513000
salgadinho,PE,-7.9269,-35.6503,2612109
salgado,SE,-11.0288,-37.4804,2806206
salgado de sao felix,PB,-7.35337,-35.4305,2513109
salgado filho,PR,-26.1777,-53.3631,4122800
salgueiro,PE,-8.07373,-39.1247,2612208
salinas,MG,-16.1753,-42.2964,3157005
salinas da margarida,BA,-12.873,-38.7562,2927309
salinopolis,PA,-0.630815,-47.3465,1506203
salitre,CE,-7.28398,-40.45,2311959
salmourao,SP,-21.6267,-50.8614,3545100
saloa,PE,-8.9723,-36.691,2612307
saltinho,SC,-26.6049,-53.0578,4215356
saltinho,SP,-22.8442,-47.6754,3545159
salto,SP,-23.1996,-47.2931,3545209
salto da divisa,MG,-16.0063,-39.9391,3157104
salto de pirapora,SP,-23.6474,-47.5743,3545308
salto do ceu,MT,-15.1303,-58.1317,5107750
salto do itarare,PR,-23.6074,-49.6354,4122909
salto do jacui,RS,-29.0951,-53.2133,4316451
salto do lontra,PR,-25.7813,-53.3135,4123006
salto grande,SP,-22.8894,-49.9831,3545407
salto veloso,SC,-26.903,-51.4043,4215406
salvador,BA,-12.9718,-38.5011,2927408
salvador das missoes,RS,-28.1233,-54.8373,4316477
salvador do sul,RS,-29.4386,-51.5077,4316501
salvaterra,PA,-0.758444,-48.5139,1506302
sambaiba,MA,-7.13447,-45.3515,2109700
sampaio,TO,-5.35423,-47.8782,1718808
sananduva,RS,-27.947,-51.8079,4316600
sanclerlandia,GO,-16.197,-50.3124,5219001
sandolandia,TO,-12.538,-49.9242,1718840
sandovalina,SP,-22.4551,-51.7648,3545506
sangao,SC,-28.6326,-49.1322,4215455
sanharo,PE,-8.36097,-36.5696,2612406
sant'ana do livramento,RS,-30.8773,-55.5392,4317103
santa adelia,SP,-21.2427,-48.8063,3545605
santa albertina,SP,-20.0311,-50.7297,3545704
santa amelia,PR,-23.2654,-50.4288,4123105
santa barbara,BA,-11.9515,-38.9681,2927507
santa barbara,MG,-19.9604,-43.4101,3157203
santa barbara d'oeste,SP,-22.7553,-47.4143,3545803
santa barbara de goias,GO,-16.5714,-49.6954,5219100
santa barbara do leste,MG,-19.9753,-42.1457,3157252
santa barbara do monte verde,MG,-21.9592,-43.7027,3157278
santa barbara do para,PA,-1.19219,-48.238,1506351
santa barbara do sul,RS,-28.3653,-53.251,4316709
santa barbara do tugurio,MG,-21.2431,-43.5607,3157302
santa branca,SP,-23.3933,-45.8875,3546009
santa brigida,BA,-9.73227,-38.1209,2927606
santa carmem,MT,-11.9125,-55.2263,5107248
santa cecilia,SC,-26.9592,-50.4252,4215505
santa cecilia,PB,-7.7389,-35.8764,2513158
santa cecilia do pavao,PR,-23.5201,-50.7835,4123204
santa cecilia do sul,RS,-28.1609,-51.9279,4316733
santa clara d'oeste,SP,-20.09,-50.9491,3546108
santa clara do sul,RS,-29.4747,-52.0843,4316758
santa cruz,RN,-6.22475,-36.0193,2411205
santa cruz,PB,-6.5237,-38.0617,2513208
santa cruz,PE,-8.24153,-40.3434,2612455
santa cruz cabralia,BA,-16.2825,-39.0295,2927705
santa cruz da baixa verde,PE,-7.81339,-38.1476,2612471
santa cruz da conceicao,SP,-22.1405,-47.4512,3546207
santa cruz da esperanca,SP,-21.2951,-47.4304,3546256
santa cruz da vitoria,BA,-14.964,-39.8115,2927804
santa cruz das palmeiras,SP,-21.8235,-47.248,3546306
santa cruz de goias,GO,-17.3155,-48.4809,5219209
santa cruz de minas,MG,-21.1241,-44.2202,3157336
santa cruz de monte castelo,PR,-22.9582,-53.2949,4123303
santa cruz de salinas,MG,-16.0967,-41.7418,3157377
santa cruz do arari,PA,-0.661019,-49.1771,1506401
santa cruz do capibaribe,PE,-7.94802,-36.2061,2612505
santa cruz do escalvado,MG,-20.2372,-42.8169,3157401
santa cruz do piaui,PI,-7.1785,-41.7609,2209104
santa cruz do rio pardo,SP,-22.8988,-49.6354,3546405
santa cruz do sul,RS,-29.722,-52.4343,4316808
santa cruz do xingu,MT,-10.1532,-52.3953,5107743
santa cruz dos milagres,PI,-5.80581,-41.9506,2209153
santa efigenia de minas,MG,-18.8235,-42.4388,3157500
santa ernestina,SP,-21.4618,-48.3953,3546504
santa fe,PR,-23.04,-51.808,4123402
santa fe de goias,GO,-15.7664,-51.1037,5219258
santa fe de minas,MG,-16.6859,-45.4102,3157609
santa fe do araguaia,TO,-7.15803,-48.7165,1718865
santa fe do sul,SP,-20.2083,-50.932,3546603
santa filomena,PI,-9.11228,-45.9116,2209203
santa filomena,PE,-8.16688,-40.6079,2612554
santa filomena do maranhao,MA,-5.49671,-44.5638,2109759
santa gertrudes,SP,-22.4572,-47.5272,3546702
santa helena,PR,-24.8585,-54.336,4123501
santa helena,SC,-26.937,-53.6214,4215554
santa helena,MA,-2.24426,-45.29,2109809
santa helena,PB,-6.7176,-38.6427,2513307
santa helena de goias,GO,-17.8115,-50.5977,5219308
santa helena de minas,MG,-16.9707,-40.6727,3157658
santa ines,BA,-13.2793,-39.814,2927903
santa ines,PR,-22.6376,-51.9024,4123600
santa ines,PB,-7.621,-38.554,2513356
santa ines,MA,-3.65112,-45.3774,2109908
santa isabel,SP,-23.3172,-46.2237,3546801
santa isabel,GO,-15.2958,-49.4259,5219357
santa isabel do ivai,PR,-23.0025,-53.1989,4123709
santa isabel do rio negro,AM,-0.410824,-65.0092,1303601
santa izabel do oeste,PR,-25.8217,-53.4801,4123808
santa izabel do para,PA,-1.29686,-48.1606,1506500
santa juliana,MG,-19.3108,-47.5322,3157708
santa leopoldina,ES,-20.0999,-40.527,3204500
santa lucia,SP,-21.685,-48.0885,3546900
santa lucia,PR,-25.4104,-53.5638,4123824
santa luz,PI,-8.9488,-44.1296,2209302
santa luzia,MA,-4.06873,-45.69,2110005
santa luzia,BA,-15.4342,-39.3287,2928059
santa luzia,MG,-19.7548,-43.8497,3157807
santa luzia,PB,-6.86092,-36.9178,2513406
santa luzia d'oeste,RO,-11.9074,-61.7777,1100296
santa luzia do itanhy,SE,-11.3536,-37.4586,2806305
santa luzia do norte,AL,-9.6037,-35.8232,2707909
santa luzia do para,PA,-1.52147,-46.9008,1506559
santa luzia do parua,MA,-2.51123,-45.7801,2110039
santa margarida,MG,-20.3839,-42.2519,3157906
santa margarida do sul,RS,-30.3393,-54.0817,4316972
santa maria,RS,-29.6868,-53.8149,4316907
santa maria,RN,-5.83802,-35.6914,2409332
santa maria da boa vista,PE,-8.79766,-39.8241,2612604
santa maria da serra,SP,-22.5661,-48.1593,3547007
santa maria da vitoria,BA,-13.3859,-44.2011,2928109
santa maria das barreiras,PA,-8.85784,-49.7215,1506583
santa maria de itabira,MG,-19.4431,-43.1064,3158003
santa maria de jetiba,ES,-20.0253,-40.7439,3204559
santa maria do cambuca,PE,-7.83676,-35.8941,2612703
santa maria do herval,RS,-29.4902,-50.9919,4316956
santa maria do oeste,PR,-24.9377,-51.8696,4123857
santa maria do para,PA,-1.35392,-47.5712,1506609
santa maria do salto,MG,-16.2479,-40.1512,3158102
santa maria do suacui,MG,-18.1896,-42.4139,3158201
santa maria do tocantins,TO,-8.8046,-47.7887,1718881
santa maria madalena,RJ,-21.9547,-42.0098,3304607
santa mariana,PR,-23.1465,-50.5167,4123907
santa mercedes,SP,-21.3495,-51.7564,3547106
santa monica,PR,-23.108,-53.1103,4123956
santa quiteria,CE,-4.32608,-40.1523,2312205
santa quiteria do maranhao,MA,-3.49308,-42.5688,2110104
santa rita,MA,-3.14241,-44.3211,2110203
santa rita,PB,-7.11724,-34.9753,2513703
santa rita d'oeste,SP,-20.1414,-50.8358,3547403
santa rita de caldas,MG,-22.0292,-46.3385,3159209
santa rita de cassia,BA,-11.0063,-44.5255,2928406
santa rita de ibitipoca,MG,-21.5658,-43.9163,3159407
santa rita de jacutinga,MG,-22.1474,-44.0977,3159308
santa rita de minas,MG,-19.876,-42.1363,3159357
santa rita do araguaia,GO,-17.3269,-53.2012,5219407
santa rita do itueto,MG,-19.3576,-41.3821,3159506
santa rita do novo destino,GO,-15.1351,-49.1203,5219456
santa rita do pardo,MS,-21.3016,-52.8333,5007554
santa rita do passa quatro,SP,-21.7083,-47.478,3547502
santa rita do sapucai,MG,-22.2461,-45.7034,3159605
santa rita do tocantins,TO,-10.8617,-48.9161,1718899
santa rita do trivelato,MT,-13.8146,-55.2706,5107768
santa rosa,RS,-27.8702,-54.4796,4317202
santa rosa da serra,MG,-19.5186,-45.9611,3159704
santa rosa de goias,GO,-16.084,-49.4953,5219506
santa rosa de lima,SC,-28.0331,-49.133,4215604
santa rosa de lima,SE,-10.6434,-37.1931,2806503
santa rosa de viterbo,SP,-21.4776,-47.3622,3547601
santa rosa do piaui,PI,-6.79581,-42.2814,2209377
santa rosa do purus,AC,-9.44652,-70.4902,1200435
santa rosa do sul,SC,-29.1313,-49.7109,4215653
santa rosa do tocantins,TO,-11.4474,-48.1216,1718907
santa salete,SP,-20.2429,-50.6887,3547650
santa teresa,ES,-19.9363,-40.5979,3204609
santa teresinha,BA,-12.7697,-39.5215,2928505
santa teresinha,PB,-7.07964,-37.4435,2513802
santa tereza,RS,-29.1655,-51.7351,4317251
santa tereza de goias,GO,-13.7138,-49.0144,5219605
santa tereza do oeste,PR,-25.0543,-53.6274,4124020
santa tereza do tocantins,TO,-10.2746,-47.8033,1719004
santa terezinha,SC,-26.7813,-50.009,4215679
santa terezinha,MT,-10.4704,-50.514,5107776
santa terezinha,PE,-7.37696,-37.4787,2612802
santa terezinha de goias,GO,-14.4326,-49.7091,5219704
santa terezinha de itaipu,PR,-25.4391,-54.402,4124053
santa terezinha do progresso,SC,-26.624,-53.1997,4215687
santa terezinha do tocantins,TO,-6.44438,-47.6684,1720002
santa vitoria,MG,-18.8414,-50.1208,3159803
santa vitoria do palmar,RS,-33.525,-53.3717,4317301
santaluz,BA,-11.2508,-39.375,2928000
santana,BA,-12.9792,-44.0506,2928208
santana,AP,-0.045434,-51.1729,1600600
santana da boa vista,RS,-30.8697,-53.11,4317004
santana da ponte pensa,SP,-20.2523,-50.8014,3547205
santana da vargem,MG,-21.2449,-45.5005,3158300
santana de cataguases,MG,-21.2893,-42.5524,3158409
santana de mangueira,PB,-7.54705,-38.3236,2513505
santana de parnaiba,SP,-23.4439,-46.9178,3547304
santana de pirapama,MG,-18.9962,-44.0409,3158508
santana do acarau,CE,-3.46144,-40.2118,2312007
santana do araguaia,PA,-9.3281,-50.35,1506708
santana do cariri,CE,-7.17613,-39.7302,2312106
santana do deserto,MG,-21.9512,-43.1583,3158607
santana do garambeu,MG,-21.5983,-44.105,3158706
santana do ipanema,AL,-9.36999,-37.248,2708006
santana do itarare,PR,-23.7587,-49.6293,4124004
santana do jacare,MG,-20.9007,-45.1285,3158805
santana do manhuacu,MG,-20.1031,-41.9278,3158904
santana do maranhao,MA,-3.109,-42.4064,2110237
santana do matos,RN,-5.94605,-36.6578,2411403
santana do mundau,AL,-9.17141,-36.2176,2708105
santana do paraiso,MG,-19.3661,-42.5446,3158953
santana do piaui,PI,-6.94696,-41.5178,2209351
santana do riacho,MG,-19.1662,-43.722,3159001
santana do sao francisco,SE,-10.2922,-36.6105,2806404
santana do serido,RN,-6.76643,-36.7312,2411429
santana dos garrotes,PB,-7.38162,-37.9819,2513604
santana dos montes,MG,-20.7868,-43.6949,3159100
santanopolis,BA,-12.0311,-38.8694,2928307
santarem,PA,-2.43849,-54.6996,1506807
santarem novo,PA,-0.93097,-47.3855,1506906
santiago,RS,-29.1897,-54.8666,4317400
santiago do sul,SC,-26.6388,-52.6799,4215695
santo afonso,MT,-14.4945,-57.0091,5107263
santo amaro,BA,-12.5472,-38.7137,2928604
santo amaro da imperatriz,SC,-27.6852,-48.7813,4215703
santo amaro das brotas,SE,-10.7892,-37.0564,2806602
santo amaro do maranhao,MA,-2.50068,-43.238,2110278
santo anastacio,SP,-21.9747,-51.6527,3547700
santo andre,SP,-23.6737,-46.5432,3547809
santo andre,PB,-7.22016,-36.6213,2513851
santo angelo,RS,-28.3001,-54.2668,4317509
santo antonio,RN,-6.31195,-35.4739,2411502
santo antonio da alegria,SP,-21.0864,-47.1464,3547908
santo antonio da barra,GO,-17.5585,-50.6345,5219712
santo antonio da patrulha,RS,-29.8268,-50.5175,4317608
santo antonio da platina,PR,-23.2959,-50.0815,4124103
santo antonio das missoes,RS,-28.514,-55.2251,4317707
santo antonio de goias,GO,-16.4815,-49.3096,5219738
santo antonio de jesus,BA,-12.9614,-39.2584,2928703
santo antonio de lisboa,PI,-6.98676,-41.2252,2209401
santo antonio de padua,RJ,-21.541,-42.1832,3304706
santo antonio de posse,SP,-22.6029,-46.9192,3548005
santo antonio do amparo,MG,-20.943,-44.9176,3159902
santo antonio do aracangua,SP,-20.9331,-50.498,3548054
santo antonio do aventureiro,MG,-21.7606,-42.8115,3160009
santo antonio do caiua,PR,-22.7351,-52.344,4124202
santo antonio do descoberto,GO,-15.9412,-48.2578,5219753
santo antonio do grama,MG,-20.3185,-42.6047,3160108
santo antonio do ica,AM,-3.09544,-67.9463,1303700
santo antonio do itambe,MG,-18.4609,-43.3006,3160207
santo antonio do jacinto,MG,-16.5332,-40.1817,3160306
santo antonio do jardim,SP,-22.1121,-46.6845,3548104
santo antonio do leste,MT,-14.805,-53.6075,5107792
santo antonio do leverger,MT,-15.8632,-56.0788,5107800
santo antonio do monte,MG,-20.085,-45.2947,3160405
santo antonio do palma,RS,-28.4956,-52.0267,4317558
santo antonio do paraiso,PR,-23.4969,-50.6455,4124301
santo antonio do pinhal,SP,-22.827,-45.663,3548203
santo antonio do planalto,RS,-28.403,-52.6992,4317756
santo antonio do retiro,MG,-15.3393,-42.6171,3160454
santo antonio do rio abaixo,MG,-19.2374,-43.2604,3160504
santo antonio do sudoeste,PR,-26.0737,-53.7251,4124400
santo antonio do taua,PA,-1.1522,-48.1314,1507003
santo antonio dos lopes,MA,-4.86613,-44.3653,2110302
santo antonio dos milagres,PI,-6.04647,-42.7123,2209450
santo augusto,RS,-27.8526,-53.7776,4317806
santo cristo,RS,-27.8263,-54.662,4317905
santo estevao,BA,-12.428,-39.2505,2928802
santo expedito,SP,-21.8467,-51.3929,3548302
santo expedito do sul,RS,-27.9074,-51.6434,4317954
santo hipolito,MG,-18.2968,-44.2229,3160603
santo inacio,PR,-22.6957,-51.7969,4124509
santo inacio do piaui,PI,-7.42072,-41.9063,2209500
santopolis do aguapei,SP,-21.6376,-50.5044,3548401
santos,SP,-23.9535,-46.335,3548500
santos dumont,MG,-21.4634,-43.5499,3160702
sao benedito,CE,-4.04713,-40.8596,2312304
sao benedito do rio preto,MA,-3.33515,-43.5287,2110401
sao benedito do sul,PE,-8.8166,-35.9453,2612901
sao bentinho,PB,-6.88596,-37.7243,2513927
sao bento,PB,-6.48529,-37.4488,2513901
sao bento,MA,-2.69781,-44.8289,2110500
sao bento abade,MG,-21.5839,-45.0699,3160801
sao bento do norte,RN,-5.09259,-35.9587,2411601
sao bento do sapucai,SP,-22.6837,-45.7287,3548609
sao bento do sul,SC,-26.2495,-49.3831,4215802
sao bento do tocantins,TO,-6.0258,-47.9012,1720101
sao bento do trairi,RN,-6.33798,-36.0863,2411700
sao bento do una,PE,-8.52637,-36.4465,2613008
sao bernardino,SC,-26.4739,-52.9687,4215752
sao bernardo,MA,-3.37223,-42.4191,2110609
sao bernardo do campo,SP,-23.6914,-46.5646,3548708
sao bonifacio,SC,-27.9009,-48.9326,4215901
sao borja,RS,-28.6578,-56.0036,4318002
sao bras,AL,-10.1141,-36.8522,2708204
sao bras do suacui,MG,-20.6242,-43.9515,3160900
sao braz do piaui,PI,-9.05797,-43.0076,2209559
sao caetano,PE,-8.33763,-36.2869,2613107
sao caetano de odivelas,PA,-0.747293,-48.0246,1507102
sao caetano do sul,SP,-23.6229,-46.5548,3548807
sao carlos,SP,-22.0174,-47.886,3548906
sao carlos,SC,-27.0798,-53.0037,4216008
sao carlos do ivai,PR,-23.3158,-52.4761,4124608
sao cristovao,SE,-11.0084,-37.2044,2806701
sao cristovao do sul,SC,-27.2666,-50.4388,4216057
sao desiderio,BA,-12.3572,-44.9769,2928901
sao domingos,BA,-11.4649,-39.5268,2928950
sao domingos,SC,-26.5548,-52.5313,4216107
sao domingos,PB,-6.80313,-37.9488,2513968
sao domingos,SE,-10.7916,-37.5685,2806800
sao domingos,GO,-13.621,-46.7415,5219803
sao domingos das dores,MG,-19.5246,-42.0106,3160959
sao domingos do araguaia,PA,-5.53732,-48.7366,1507151
sao domingos do azeitao,MA,-6.81471,-44.6509,2110658
sao domingos do capim,PA,-1.68768,-47.7665,1507201
sao domingos do cariri,PB,-7.63273,-36.4374,2513943
sao domingos do maranhao,MA,-5.58095,-44.3822,2110708
sao domingos do norte,ES,-19.1452,-40.6281,3204658
sao domingos do prata,MG,-19.8678,-42.971,3161007
sao domingos do sul,RS,-28.5312,-51.886,4318051
sao felipe,BA,-12.8394,-39.0893,2929107
sao felipe d'oeste,RO,-11.9023,-61.5026,1101484
sao felix,BA,-12.6104,-38.9727,2929008
sao felix de balsas,MA,-7.07535,-44.8092,2110807
sao felix de minas,MG,-18.5959,-41.4889,3161056
sao felix do araguaia,MT,-11.615,-50.6706,5107859
sao felix do coribe,BA,-13.4019,-44.1837,2929057
sao felix do piaui,PI,-5.93485,-42.1172,2209609
sao felix do tocantins,TO,-10.1615,-46.6618,1720150
sao felix do xingu,PA,-6.64254,-51.9904,1507300
sao fernando,RN,-6.37975,-37.1864,2411809
sao fidelis,RJ,-21.6551,-41.756,3304805
sao francisco,SP,-20.3623,-50.6952,3549003
sao francisco,PB,-6.60773,-38.0968,2513984
sao francisco,SE,-10.3442,-36.8869,2806909
sao francisco,MG,-15.9514,-44.8593,3161106
sao francisco de assis,RS,-29.5547,-55.1253,4318101
sao francisco de assis do piaui,PI,-8.23599,-41.6873,2209658
sao francisco de goias,GO,-15.9256,-49.2605,5219902
sao francisco de itabapoana,RJ,-21.4702,-41.1091,3304755
sao francisco de paula,RS,-29.4404,-50.5828,4318200
sao francisco de paula,MG,-20.7036,-44.9838,3161205
sao francisco de sales,MG,-19.8611,-49.7727,3161304
sao francisco do brejao,MA,-5.12584,-47.389,2110856
sao francisco do conde,BA,-12.6183,-38.6786,2929206
sao francisco do gloria,MG,-20.7923,-42.2673,3161403
sao francisco do guapore,RO,-12.052,-63.568,1101492
sao francisco do maranhao,MA,-6.25159,-42.8668,2110906
sao francisco do oeste,RN,-5.97472,-38.1519,2411908
sao francisco do para,PA,-1.16963,-47.7917,1507409
sao francisco do piaui,PI,-7.2463,-42.541,2209708
sao francisco do sul,SC,-26.2579,-48.6344,4216206
sao gabriel,RS,-30.3337,-54.3217,4318309
sao gabriel,BA,-11.2175,-41.8843,2929255
sao gabriel da cachoeira,AM,-0.11909,-67.084,1303809
sao gabriel da palha,ES,-19.0182,-40.5365,3204708
sao gabriel do oeste,MS,-19.3889,-54.5507,5007695
sao geraldo,MG,-20.9252,-42.8364,3161502
sao geraldo da piedade,MG,-18.8411,-42.2867,3161601
sao geraldo do araguaia,PA,-6.39471,-48.5592,1507458
sao geraldo do baixio,MG,-18.9097,-41.363,3161650
sao goncalo,RJ,-22.8268,-43.0634,3304904
sao goncalo do abaete,MG,-18.3315,-45.8265,3161700
sao goncalo do amarante,RN,-5.79068,-35.3257,2412005
sao goncalo do amarante,CE,-3.60515,-38.9726,2312403
sao goncalo do gurgueia,PI,-10.0319,-45.3092,2209757
sao goncalo do para,MG,-19.9822,-44.8593,3161809
sao goncalo do piaui,PI,-5.99393,-42.7095,2209807
sao goncalo do rio abaixo,MG,-19.8221,-43.366,3161908
sao goncalo do rio preto,MG,-18.0025,-43.3854,3125507
sao goncalo do sapucai,MG,-21.8932,-45.5893,3162005
sao goncalo dos campos,BA,-12.4331,-38.9663,2929305
sao gotardo,MG,-19.3087,-46.0465,3162104
sao jeronimo,RS,-29.9716,-51.7251,4318408
sao jeronimo da serra,PR,-23.7218,-50.7475,4124707
sao joao,PR,-25.8214,-52.7252,4124806
sao joao,PE,-8.87576,-36.3653,2613206
sao joao batista,MA,-2.95398,-44.7953,2111003
sao joao batista,SC,-27.2772,-48.8474,4216305
sao joao batista do gloria,MG,-20.635,-46.508,3162203
sao joao d'alianca,GO,-14.7048,-47.5228,5220009
sao joao da baliza,RR,0.951659,-59.9133,1400506
sao joao da barra,RJ,-21.638,-41.0446,3305000
sao joao da boa vista,SP,-21.9707,-46.7944,3549102
sao joao da canabrava,PI,-6.81203,-41.3415,2209856
sao joao da fronteira,PI,-3.95497,-41.2569,2209872
sao joao da lagoa,MG,-16.8455,-44.3507,3162252
sao joao da mata,MG,-21.928,-45.9297,3162302
sao joao da parauna,GO,-16.8126,-50.4092,5220058
sao joao da ponta,PA,-0.857885,-47.918,1507466
sao joao da ponte,MG,-15.9271,-44.0096,3162401
sao joao da serra,PI,-5.51081,-41.8923,2209906
sao joao da urtiga,RS,-27.8195,-51.8257,4318424
sao joao da varjota,PI,-6.94082,-41.8889,2209955
sao joao das duas pontes,SP,-20.3879,-50.3792,3549201
sao joao das missoes,MG,-14.8859,-44.0922,3162450
sao joao de iracema,SP,-20.5111,-50.3561,3549250
sao joao de meriti,RJ,-22.8058,-43.3729,3305109
sao joao de pirabas,PA,-0.780222,-47.181,1507474
sao joao del rei,MG,-21.1311,-44.2526,3162500
sao joao do araguaia,PA,-5.36334,-48.7926,1507508
sao joao do arraial,PI,-3.8186,-42.4459,2209971
sao joao do caiua,PR,-22.8535,-52.3411,4124905
sao joao do cariri,PB,-7.38168,-36.5345,2514008
sao joao do caru,MA,-3.5503,-46.2507,2111029
sao joao do itaperiu,SC,-26.6213,-48.7683,4216354
sao joao do ivai,PR,-23.9833,-51.8215,4125001
sao joao do jaguaribe,CE,-5.27516,-38.2694,2312502
sao joao do manhuacu,MG,-20.3933,-42.1533,3162559
sao joao do manteninha,MG,-18.723,-41.1628,3162575
sao joao do oeste,SC,-27.0984,-53.5977,4216255
sao joao do oriente,MG,-19.3384,-42.1575,3162609
sao joao do pacui,MG,-16.5373,-44.5134,3162658
sao joao do paraiso,MG,-15.3168,-42.0213,3162708
sao joao do paraiso,MA,-6.45634,-47.0594,2111052
sao joao do pau d'alho,SP,-21.2662,-51.6672,3549300
sao joao do piaui,PI,-8.35466,-42.2559,2210003
sao joao do polesine,RS,-29.6194,-53.4439,4318432
sao joao do rio do peixe,PB,-6.72195,-38.4468,2500700
sao joao do sabugi,RN,-6.71387,-37.2027,2412104
sao joao do soter,MA,-5.10821,-43.8163,2111078
sao joao do sul,SC,-29.2154,-49.8094,4216404
sao joao do tigre,PB,-8.07703,-36.8547,2514107
sao joao do triunfo,PR,-25.683,-50.2949,4125100
sao joao dos patos,MA,-6.4934,-43.7036,2111102
sao joao evangelista,MG,-18.548,-42.7655,3162807
sao joao nepomuceno,MG,-21.5381,-43.0069,3162906
sao joaquim,SC,-28.2887,-49.9457,4216503
sao joaquim da barra,SP,-20.5812,-47.8593,3549409
sao joaquim de bicas,MG,-20.048,-44.2749,3162922
sao joaquim do monte,PE,-8.43196,-35.8035,2613305
sao jorge,RS,-28.4984,-51.7064,4318440
sao jorge d'oeste,PR,-25.7085,-52.9204,4125209
sao jorge do ivai,PR,-23.4336,-52.2929,4125308
sao jorge do patrocinio,PR,-23.7647,-53.8823,4125357
sao jose,SC,-27.6136,-48.6366,4216602
sao jose da barra,MG,-20.7178,-46.313,3162948
sao jose da bela vista,SP,-20.5935,-47.6424,3549508
sao jose da boa vista,PR,-23.9122,-49.6577,4125407
sao jose da coroa grande,PE,-8.88937,-35.1515,2613404
sao jose da lagoa tapada,PB,-6.93646,-38.1622,2514206
sao jose da laje,AL,-9.01278,-36.0515,2708303
sao jose da lapa,MG,-19.6971,-43.9586,3162955
sao jose da safira,MG,-18.3243,-42.1431,3163003
sao jose da tapera,AL,-9.55768,-37.3831,2708402
sao jose da varginha,MG,-19.7006,-44.556,3163102
sao jose da vitoria,BA,-15.0787,-39.3437,2929354
sao jose das missoes,RS,-27.7789,-53.1226,4318457
sao jose das palmeiras,PR,-24.8369,-54.0572,4125456
sao jose de caiana,PB,-7.24636,-38.2989,2514305
sao jose de espinharas,PB,-6.83974,-37.3214,2514404
sao jose de mipibu,RN,-6.0773,-35.2417,2412203
sao jose de piranhas,PB,-7.1187,-38.502,2514503
sao jose de princesa,PB,-7.73633,-38.0894,2514552
sao jose de ribamar,MA,-2.54704,-44.0597,2111201
sao jose de uba,RJ,-21.3661,-41.9511,3305133
sao jose do alegre,MG,-22.3243,-45.5258,3163201
sao jose do barreiro,SP,-22.6414,-44.5774,3549607
sao jose do belmonte,PE,-7.85723,-38.7577,2613503
sao jose do bonfim,PB,-7.1607,-37.3036,2514602
sao jose do brejo do cruz,PB,-6.21054,-37.3601,2514651
sao jose do calcado,ES,-21.0274,-41.6636,3204807
sao jose do campestre,RN,-6.31087,-35.7067,2412302
sao jose do cedro,SC,-26.4561,-53.4955,4216701
sao jose do cerrito,SC,-27.6602,-50.5733,4216800
sao jose do divino,PI,-3.81411,-41.8308,2210052
sao jose do divino,MG,-18.4793,-41.3907,3163300
sao jose do egito,PE,-7.46945,-37.274,2613602
sao jose do goiabal,MG,-19.9214,-42.7035,3163409
sao jose do herval,RS,-29.052,-52.295,4318465
sao jose do hortencio,RS,-29.528,-51.245,4318481
sao jose do inhacora,RS,-27.7251,-54.1275,4318499
sao jose do jacuipe,BA,-11.4137,-39.8669,2929370
sao jose do jacuri,MG,-18.281,-42.6729,3163508
sao jose do mantimento,MG,-20.0058,-41.7486,3163607
sao jose do norte,RS,-32.0151,-52.0331,4318507
sao jose do ouro,RS,-27.7707,-51.5966,4318606
sao jose do peixe,PI,-7.48554,-42.5672,2210102
sao jose do piaui,PI,-6.87194,-41.4731,2210201
sao jose do povo,MT,-16.4549,-54.2487,5107297
sao jose do rio claro,MT,-13.4398,-56.7218,5107305
sao jose do rio pardo,SP,-21.5953,-46.8873,3549706
sao jose do rio preto,SP,-20.8113,-49.3758,3549805
sao jose do sabugi,PB,-6.76295,-36.7972,2514701
sao jose do serido,RN,-6.44002,-36.8746,2412401
sao jose do sul,RS,-29.5448,-51.4821,4318614
sao jose do vale do rio preto,RJ,-22.1525,-42.9327,3305158
sao jose do xingu,MT,-10.7982,-52.7486,5107354
sao jose dos ausentes,RS,-28.7476,-50.0677,4318622
sao jose dos basilios,MA,-5.05493,-44.5809,2111250
sao jose dos campos,SP,-23.1896,-45.8841,3549904
sao jose dos cordeiros,PB,-7.38775,-36.8085,2514800
sao jose dos pinhais,PR,-25.5313,-49.2031,4125506
sao jose dos quatro marcos,MT,-15.6276,-58.1772,5107107
sao jose dos ramos,PB,-7.25238,-35.3725,2514453
sao juliao,PI,-7.08391,-40.8246,2210300
sao leopoldo,RS,-29.7545,-51.1498,4318705
sao lourenco,MG,-22.1166,-45.0506,3163706
sao lourenco da mata,PE,-8.00684,-35.0124,2613701
sao lourenco da serra,SP,-23.8491,-46.9432,3549953
sao lourenco do oeste,SC,-26.3557,-52.8498,4216909
sao lourenco do piaui,PI,-9.16463,-42.5496,2210359
sao lourenco do sul,RS,-31.3564,-51.9715,4318804
sao ludgero,SC,-28.3144,-49.1806,4217006
sao luis,MA,-2.53874,-44.2825,2111300
sao luis de montes belos,GO,-16.5211,-50.3726,5220108
sao luis do curu,CE,-3.66976,-39.2391,2312601
sao luis do piaui,PI,-6.81936,-41.3175,2210375
sao luis do quitunde,AL,-9.31816,-35.5606,2708501
sao luis gonzaga do maranhao,MA,-4.38541,-44.6654,2111409
sao luiz,RR,1.01019,-60.0419,1400605
sao luiz do norte,GO,-14.8608,-49.3285,5220157
sao luiz do paraitinga,SP,-23.222,-45.3109,3550001
sao luiz gonzaga,RS,-28.412,-54.9559,4318903
sao mamede,PB,-6.92386,-37.0954,2514909
sao manoel do parana,PR,-23.3941,-52.6454,4125555
sao manuel,SP,-22.7321,-48.5723,3550100
sao marcos,RS,-28.9677,-51.0696,4319000
sao martinho,SC,-28.1609,-48.9867,4217105
sao martinho,RS,-27.7112,-53.9699,4319109
sao martinho da serra,RS,-29.5397,-53.859,4319125
sao mateus,ES,-18.7214,-39.8579,3204906
sao mateus do maranhao,MA,-4.03736,-44.4707,2111508
sao mateus do sul,PR,-25.8677,-50.384,4125605
sao miguel,RN,-6.20283,-38.4947,2412500
sao miguel arcanjo,SP,-23.8782,-47.9935,3550209
sao miguel da baixa grande,PI,-5.85646,-42.1934,2210383
sao miguel da boa vista,SC,-26.687,-53.2511,4217154
sao miguel das matas,BA,-13.0434,-39.4578,2929404
sao miguel das missoes,RS,-28.556,-54.5559,4319158
sao miguel de taipu,PB,-7.24764,-35.2016,2515005
sao miguel do aleixo,SE,-10.3847,-37.3836,2807006
sao miguel do anta,MG,-20.7067,-42.7174,3163805
sao miguel do araguaia,GO,-13.2731,-50.1634,5220207
sao miguel do fidalgo,PI,-7.59713,-42.3676,2210391
sao miguel do gostoso,RN,-5.12302,-35.6354,2412559
sao miguel do guama,PA,-1.61307,-47.4784,1507607
sao miguel do guapore,RO,-11.6953,-62.7192,1100320
sao miguel do iguacu,PR,-25.3492,-54.2405,4125704
sao miguel do oeste,SC,-26.7242,-53.5163,4217204
sao miguel do passa quatro,GO,-17.0582,-48.662,5220264
sao miguel do tapuio,PI,-5.49729,-41.3165,2210409
sao miguel do tocantins,TO,-5.56305,-47.5743,1720200
sao miguel dos campos,AL,-9.78301,-36.0971,2708600
sao miguel dos milagres,AL,-9.26493,-35.3763,2708709
sao nicolau,RS,-28.1834,-55.2654,4319208
sao patricio,GO,-15.35,-49.818,5220280
sao paulo,SP,-23.5329,-46.6395,3550308
sao paulo das missoes,RS,-28.0195,-54.9404,4319307
sao paulo de olivenca,AM,-3.47292,-68.9646,1303908
sao paulo do potengi,RN,-5.8994,-35.7642,2412609
sao pedro,RN,-5.90559,-35.6317,2412708
sao pedro,SP,-22.5483,-47.9096,3550407
sao pedro da agua branca,MA,-5.08472,-48.4291,2111532
sao pedro da aldeia,RJ,-22.8429,-42.1026,3305208
sao pedro da cipa,MT,-16.0109,-54.9176,5107404
sao pedro da serra,RS,-29.4193,-51.5134,4319356
sao pedro da uniao,MG,-21.131,-46.6123,3163904
sao pedro das missoes,RS,-27.7706,-53.2513,4319364
sao pedro de alcantara,SC,-27.5665,-48.8048,4217253
sao pedro do butia,RS,-28.1243,-54.8926,4319372
sao pedro do iguacu,PR,-24.9373,-53.8521,4125753
sao pedro do ivai,PR,-23.8634,-51.8568,4125803
sao pedro do parana,PR,-22.8239,-53.2241,4125902
sao pedro do piaui,PI,-5.92078,-42.7192,2210508
sao pedro do suacui,MG,-18.3609,-42.5981,3164100
sao pedro do sul,RS,-29.6202,-54.1855,4319406
sao pedro do turvo,SP,-22.7453,-49.7428,3550506
sao pedro dos crentes,MA,-6.82389,-46.5319,2111573
sao pedro dos ferros,MG,-20.1732,-42.5251,3164001
sao rafael,RN,-5.79791,-36.8778,2412807
sao raimundo das mangabeiras,MA,-7.02183,-45.4809,2111607
sao raimundo do doca bezerra,MA,-5.11053,-45.0696,2111631
sao raimundo nonato,PI,-9.01241,-42.6987,2210607
sao roberto,MA,-5.0231,-45.001,2111672
sao romao,MG,-16.3641,-45.0749,3164209
sao roque,SP,-23.5226,-47.1357,3550605
sao roque de minas,MG,-20.249,-46.3639,3164308
sao roque do canaa,ES,-19.7411,-40.6526,3204955
sao salvador do tocantins,TO,-12.7458,-48.2352,1720259
sao sebastiao,SP,-23.7951,-45.4143,3550704
sao sebastiao,AL,-9.93043,-36.559,2708808
sao sebastiao da amoreira,PR,-23.4656,-50.7625,4126009
sao sebastiao da bela vista,MG,-22.1583,-45.7546,3164407
sao sebastiao da boa vista,PA,-1.71597,-49.5249,1507706
sao sebastiao da grama,SP,-21.7041,-46.8208,3550803
sao sebastiao da vargem alegre,MG,-19.7477,-43.3679,3164431
sao sebastiao de lagoa de roca,PB,-7.11034,-35.8678,2515104
sao sebastiao do alto,RJ,-21.9578,-42.1328,3305307
sao sebastiao do anta,MG,-19.5064,-41.985,3164472
sao sebastiao do cai,RS,-29.5885,-51.3749,4319505
sao sebastiao do maranhao,MG,-18.0873,-42.5659,3164506
sao sebastiao do oeste,MG,-20.2758,-45.0063,3164605
sao sebastiao do paraiso,MG,-20.9167,-46.9837,3164704
sao sebastiao do passe,BA,-12.5123,-38.4905,2929503
sao sebastiao do rio preto,MG,-19.2959,-43.1757,3164803
sao sebastiao do rio verde,MG,-22.2183,-44.9761,3164902
sao sebastiao do tocantins,TO,-5.26131,-48.2021,1720309
sao sebastiao do uatuma,AM,-2.55915,-57.8731,1303957
sao sebastiao do umbuzeiro,PB,-8.15289,-37.0138,2515203
sao sepe,RS,-30.1643,-53.5603,4319604
sao simao,SP,-21.4732,-47.5518,3550902
sao simao,GO,-18.996,-50.547,5220405
sao thome das letras,MG,-21.7218,-44.9849,3165206
sao tiago,MG,-20.9075,-44.5098,3165008
sao tomas de aquino,MG,-20.7791,-47.0962,3165107
sao tome,PR,-23.5349,-52.5901,4126108
sao tome,RN,-5.96404,-36.0798,2412906
sao valentim,RS,-27.5583,-52.5237,4319703
sao valentim do sul,RS,-29.0451,-51.7684,4319711
sao valerio,TO,-11.9743,-48.2353,1720499
sao valerio do sul,RS,-27.7906,-53.9368,4319737
sao vendelino,RS,-29.3729,-51.3675,4319752
sao vicente,SP,-23.9574,-46.3883,3551009
sao vicente,RN,-6.21893,-36.6827,2413003
sao vicente de minas,MG,-21.7042,-44.4431,3165305
sao vicente do serido,PB,-6.85426,-36.4122,2515401
sao vicente do sul,RS,-29.6882,-54.6826,4319802
sao vicente ferrer,PE,-7.58969,-35.4808,2613800
sao vicente ferrer,MA,-2.89487,-44.8681,2111706
sape,PB,-7.09359,-35.228,2515302
sapeacu,BA,-12.7208,-39.1824,2929602
sapezal,MT,-12.9892,-58.7645,5107875
sapiranga,RS,-29.6349,-51.0064,4319901
sapopema,PR,-23.9078,-50.5801,4126207
sapucai-mirim,MG,-22.7409,-45.738,3165404
sapucaia,PA,-6.94018,-49.6834,1507755
sapucaia,RJ,-21.9949,-42.9142,3305406
sapucaia do sul,RS,-29.8276,-51.145,4320008
saquarema,RJ,-22.9292,-42.5099,3305505
sarandi,PR,-23.4441,-51.876,4126256
sarandi,RS,-27.942,-52.9231,4320107
sarapui,SP,-23.6397,-47.8249,3551108
sardoa,MG,-18.7828,-42.3629,3165503
sarutaia,SP,-23.2721,-49.4763,3551207
sarzedo,MG,-20.0367,-44.1446,3165537
satiro dias,BA,-11.5929,-38.5938,2929701
satuba,AL,-9.56911,-35.8227,2708907
satubinha,MA,-4.04913,-45.2457,2111722
saubara,BA,-12.7387,-38.7625,2929750
saudade do iguacu,PR,-25.6917,-52.6184,4126272
saudades,SC,-26.9317,-53.0021,4217303
saude,BA,-10.9428,-40.4155,2929800
schroeder,SC,-26.4116,-49.074,4217402
seabra,BA,-12.4169,-41.7722,2929909
seara,SC,-27.1564,-52.299,4217501
sebastianopolis do sul,SP,-20.6523,-49.925,3551306
sebastiao barros,PI,-10.817,-44.8337,2210623
sebastiao laranjeiras,BA,-14.571,-42.9434,2930006
sebastiao leal,PI,-7.56803,-44.06,2210631
seberi,RS,-27.4829,-53.4026,4320206
sede nova,RS,-27.6367,-53.9493,4320230
segredo,RS,-29.3523,-52.9767,4320263
selbach,RS,-28.6294,-52.9498,4320305
selviria,MS,-20.3637,-51.4192,5007802
sem-peixe,MG,-20.1008,-42.8483,3165560
sena madureira,AC,-9.06596,-68.6571,1200500
senador alexandre costa,MA,-5.25096,-44.0533,2111748
senador amaral,MG,-22.5869,-46.1763,3165578
senador canedo,GO,-16.7084,-49.0914,5220454
senador cortes,MG,-21.7986,-42.9424,3165602
senador eloi de souza,RN,-6.03334,-35.6978,2413102
senador firmino,MG,-20.9158,-43.0904,3165701
senador georgino avelino,RN,-6.1576,-35.1299,2413201
senador guiomard,AC,-10.1497,-67.7362,1200450
senador jose bento,MG,-22.1633,-46.1792,3165800
senador jose porfirio,PA,-4.31242,-51.5764,1507805
senador la rocque,MA,-5.4461,-47.2959,2111763
senador modestino goncalves,MG,-17.9465,-43.2172,3165909
senador pompeu,CE,-5.58244,-39.3704,2312700
senador rui palmeira,AL,-9.46986,-37.4576,2708956
senador sa,CE,-3.35305,-40.4662,2312809
senador salgado filho,RS,-28.025,-54.5507,4320321
senges,PR,-24.1129,-49.4616,4126306
senhor do bonfim,BA,-10.4594,-40.1865,2930105
senhora de oliveira,MG,-20.7972,-43.3394,3166006
senhora do porto,MG,-18.8909,-43.0799,3166105
senhora dos remedios,MG,-21.0351,-43.5812,3166204
sentinela do sul,RS,-30.6107,-51.5862,4320354
sento se,BA,-9.74138,-41.8786,2930204
serafina correa,RS,-28.7126,-51.9352,4320404
sericita,MG,-20.4748,-42.4828,3166303
seringueiras,RO,-11.8055,-63.0182,1101500
serio,RS,-29.3904,-52.2685,4320453
seritinga,MG,-21.9134,-44.518,3166402
seropedica,RJ,-22.7526,-43.7155,3305554
serra,ES,-20.121,-40.3074,3205002
serra alta,SC,-26.7229,-53.0409,4217550
serra azul,SP,-21.3074,-47.5602,3551405
serra azul de minas,MG,-18.3602,-43.1675,3166501
serra branca,PB,-7.48034,-36.666,2515500
serra caiada,RN,-6.10478,-35.7113,2410306
serra da raiz,PB,-6.68527,-35.4379,2515609
serra da saudade,MG,-19.4447,-45.795,3166600
serra de sao bento,RN,-6.41762,-35.7033,2413300
serra do mel,RN,-5.17725,-37.0242,2413359
serra do navio,AP,0.901357,-52.0036,1600055
serra do ramalho,BA,-13.5659,-43.5929,2930154
serra do salitre,MG,-19.1083,-46.6961,3166808
serra dos aimores,MG,-17.7872,-40.2453,3166709
serra dourada,BA,-12.759,-43.9504,2930303
serra grande,PB,-7.20957,-38.3647,2515708
serra negra,SP,-22.6139,-46.7033,3551603
serra negra do norte,RN,-6.66031,-37.3996,2413409
serra nova dourada,MT,-12.0896,-51.4025,5107883
serra preta,BA,-12.156,-39.3305,2930402
serra redonda,PB,-7.18622,-35.6842,2515807
serra talhada,PE,-7.98178,-38.289,2613909
serrana,SP,-21.2043,-47.5952,3551504
serrania,MG,-21.5441,-46.0417,3166907
serrano do maranhao,MA,-1.85229,-45.1207,2111789
serranopolis,GO,-18.3067,-51.9586,5220504
serranopolis de minas,MG,-15.8176,-42.8732,3166956
serranopolis do iguacu,PR,-25.3799,-54.0518,4126355
serranos,MG,-21.8857,-44.5125,3167004
serraria,PB,-6.81569,-35.6282,2515906
serrinha,RN,-6.28181,-35.5,2413508
serrinha,BA,-11.6584,-39.01,2930501
serrinha dos pintos,RN,-6.11087,-37.9548,2413557
serrita,PE,-7.94041,-39.2951,2614006
serro,MG,-18.5991,-43.3744,3167103
serrolandia,BA,-11.4085,-40.2983,2930600
sertaneja,PR,-23.0361,-50.8317,4126405
sertania,PE,-8.06847,-37.2684,2614105
sertanopolis,PR,-23.0571,-51.0399,4126504
sertao,RS,-27.9798,-52.2588,4320503
sertao santana,RS,-30.4562,-51.6017,4320552
sertaozinho,SP,-21.1316,-47.9875,3551702
sertaozinho,PB,-6.75127,-35.4372,2515930
sete barras,SP,-24.382,-47.9279,3551801
sete de setembro,RS,-28.1362,-54.4637,4320578
sete lagoas,MG,-19.4569,-44.2413,3167202
sete quedas,MS,-23.9705,-55.0398,5007703
setubinha,MG,-17.6002,-42.1587,3165552
severiano de almeida,RS,-27.4362,-52.1217,4320602
severiano melo,RN,-5.77666,-37.957,2413607
severinia,SP,-20.8108,-48.8054,3551900
sideropolis,SC,-28.5955,-49.4314,4217600
sidrolandia,MS,-20.9302,-54.9692,5007901
sigefredo pacheco,PI,-4.91665,-41.7311,2210656
silva jardim,RJ,-22.6574,-42.3961,3305604
silvania,GO,-16.66,-48.6083,5220603
silvanopolis,TO,-11.1471,-48.1694,1720655
silveira martins,RS,-29.6467,-53.591,4320651
silveirania,MG,-21.1615,-43.2128,3167301
silveiras,SP,-22.6638,-44.8522,3552007
silves,AM,-2.81748,-58.248,1304005
silvianopolis,MG,-22.0274,-45.8385,3167400
simao dias,SE,-10.7387,-37.8097,2807105
simao pereira,MG,-21.964,-43.3088,3167509
simoes,PI,-7.59109,-40.8137,2210706
simoes filho,BA,-12.7866,-38.4029,2930709
simolandia,GO,-14.4644,-46.4847,5220686
simonesia,MG,-20.1341,-42.0091,3167608
simplicio mendes,PI,-7.85294,-41.9075,2210805
sinimbu,RS,-29.5357,-52.5304,4320677
sinop,MT,-11.8604,-55.5091,5107909
siqueira campos,PR,-23.6875,-49.8304,4126603
sirinhaem,PE,-8.58778,-35.1126,2614204
siriri,SE,-10.5965,-37.1131,2807204
sitio d'abadia,GO,-14.7992,-46.2506,5220702
sitio do mato,BA,-13.0801,-43.4689,2930758
sitio do quinto,BA,-10.3545,-38.2213,2930766
sitio novo,MA,-5.87601,-46.7033,2111805
sitio novo,RN,-6.11132,-35.909,2413706
sitio novo do tocantins,TO,-5.6012,-47.6381,1720804
sobradinho,BA,-9.45024,-40.8145,2930774
sobradinho,RS,-29.4194,-53.0326,4320701
sobrado,PB,-7.14429,-35.2357,2515971
sobral,CE,-3.68913,-40.3482,2312908
sobralia,MG,-19.2345,-42.0998,3167707
socorro,SP,-22.5903,-46.5251,3552106
socorro do piaui,PI,-7.86773,-42.4922,2210904
solanea,PB,-6.75161,-35.6636,2516003
soledade,PB,-7.05829,-36.3668,2516102
soledade,RS,-28.8306,-52.5131,4320800
soledade de minas,MG,-22.0554,-45.0464,3167806
solidao,PE,-7.59472,-37.6445,2614402
solonopole,CE,-5.71894,-39.0107,2313005
sombrio,SC,-29.108,-49.6328,4217709
sonora,MS,-17.5698,-54.7551,5007935
sooretama,ES,-19.1897,-40.0974,3205010
sorocaba,SP,-23.4969,-47.4451,3552205
sorriso,MT,-12.5425,-55.7211,5107925
sossego,PB,-6.77067,-36.2538,2516151
soure,PA,-0.73032,-48.5015,1507904
sousa,PB,-6.75148,-38.2311,2516201
souto soares,BA,-12.088,-41.6427,2930808
sucupira,TO,-11.993,-48.9685,1720853
sucupira do norte,MA,-6.47839,-44.1919,2111904
sucupira do riachao,MA,-6.40858,-43.5455,2111953
sud mennucci,SP,-20.6872,-50.9238,3552304
sul brasil,SC,-26.7351,-52.964,4217758
sulina,PR,-25.7066,-52.7299,4126652
sumare,SP,-22.8204,-47.2728,3552403
sume,PB,-7.66206,-36.884,2516300
sumidouro,RJ,-22.0485,-42.6761,3305703
surubim,PE,-7.84746,-35.7481,2614501
sussuapara,PI,-7.03687,-41.3767,2210938
suzanapolis,SP,-20.4981,-51.0268,3552551
suzano,SP,-23.5448,-46.3112,3552502
tabai,RS,-29.643,-51.6823,4320859
tabapora,MT,-11.3007,-56.8312,5107941
tabapua,SP,-20.9602,-49.0307,3552601
tabatinga,SP,-21.7239,-48.6896,3552700
tabatinga,AM,-4.2416,-69.9383,1304062
tabira,PE,-7.58366,-37.5377,2614600
taboao da serra,SP,-23.6019,-46.7526,3552809
tabocas do brejo velho,BA,-12.7026,-44.0075,2930907
taboleiro grande,RN,-5.91948,-38.0367,2413805
tabuleiro,MG,-21.3632,-43.2381,3167905
tabuleiro do norte,CE,-5.24353,-38.1282,2313104
tacaimbo,PE,-8.30867,-36.3,2614709
tacaratu,PE,-9.09798,-38.1504,2614808
taciba,SP,-22.3866,-51.2882,3552908
tacima,PB,-6.48759,-35.6367,2516409
tacuru,MS,-23.636,-55.0141,5007950
taguai,SP,-23.4452,-49.4024,3553005
taguatinga,TO,-12.4026,-46.437,1720903
taiacu,SP,-21.1431,-48.5112,3553104
tailandia,PA,-2.94584,-48.9489,1507953
taio,SC,-27.121,-49.9942,4217808
taiobeiras,MG,-15.8106,-42.2259,3168002
taipas do tocantins,TO,-12.1873,-46.9797,1720937
taipu,RN,-5.63058,-35.5918,2413904
taiuva,SP,-21.1223,-48.4528,3553203
talisma,TO,-12.7949,-49.0896,1720978
tamandare,PE,-8.75665,-35.1033,2614857
tamarana,PR,-23.7204,-51.0991,4126678
tambau,SP,-21.7029,-47.2703,3553302
tamboara,PR,-23.2036,-52.4743,4126702
tamboril,CE,-4.83136,-40.3196,2313203
tamboril do piaui,PI,-8.40937,-42.9211,2210953
tanabi,SP,-20.6228,-49.6563,3553401
tangara,RN,-6.19649,-35.7989,2414001
tangara,SC,-27.0996,-51.2473,4217907
tangara da serra,MT,-14.6229,-57.4933,5107958
tangua,RJ,-22.7423,-42.7202,3305752
tanhacu,BA,-14.0197,-41.2473,2931004
tanque d'arca,AL,-9.53379,-36.4366,2709004
tanque do piaui,PI,-6.59787,-42.2795,2210979
tanque novo,BA,-13.5485,-42.4934,2931053
tanquinho,BA,-11.968,-39.1033,2931103
taparuba,MG,-19.7621,-41.608,3168051
tapaua,AM,-5.62085,-63.1808,1304104
tapejara,PR,-23.7315,-52.8735,4126801
tapejara,RS,-28.0652,-52.0097,4320909
tapera,RS,-28.6277,-52.8613,4321006
taperoa,BA,-13.5321,-39.1009,2931202
taperoa,PB,-7.20629,-36.8245,2516508
tapes,RS,-30.6683,-51.3991,4321105
tapira,PR,-23.3193,-53.0684,4126900
tapira,MG,-19.9166,-46.8264,3168101
tapirai,MG,-19.8936,-46.0221,3168200
tapirai,SP,-23.9612,-47.5062,3553500
tapiramuta,BA,-11.8475,-40.7927,2931301
tapiratiba,SP,-21.4713,-46.7448,3553609
tapurah,MT,-12.695,-56.5178,5108006
taquara,RS,-29.6505,-50.7753,4321204
taquaracu de minas,MG,-19.6652,-43.6922,3168309
taquaral,SP,-21.0737,-48.4126,3553658
taquaral de goias,GO,-16.0521,-49.6039,5221007
taquarana,AL,-9.64529,-36.4928,2709103
taquari,RS,-29.7943,-51.8653,4321303
taquaritinga,SP,-21.4049,-48.5103,3553708
taquaritinga do norte,PE,-7.89446,-36.0423,2615003
taquarituba,SP,-23.5307,-49.241,3553807
taquarivai,SP,-23.9211,-48.6948,3553856
taquarucu do sul,RS,-27.4005,-53.4702,4321329
taquarussu,MS,-22.4898,-53.3519,5007976
tarabai,SP,-22.3016,-51.5621,3553906
tarauaca,AC,-8.15697,-70.7722,1200609
tarrafas,CE,-6.67838,-39.753,2313252
tartarugalzinho,AP,1.50652,-50.9087,1600709
taruma,SP,-22.7429,-50.5786,3553955
tarumirim,MG,-19.2835,-42.0097,3168408
tasso fragoso,MA,-8.4662,-45.7536,2112001
tatui,SP,-23.3487,-47.8461,3554003
taua,CE,-5.98585,-40.2968,2313302
taubate,SP,-23.0104,-45.5593,3554102
tavares,RS,-31.2843,-51.088,4321352
tavares,PB,-7.62697,-37.8712,2516607
tefe,AM,-3.36822,-64.7193,1304203
teixeira,PB,-7.22104,-37.2525,2516706
teixeira de freitas,BA,-17.5399,-39.74,2931350
teixeira soares,PR,-25.3701,-50.4571,4127007
teixeiras,MG,-20.6561,-42.8564,3168507
teixeiropolis,RO,-10.9056,-62.242,1101559
tejucuoca,CE,-3.98831,-39.5799,2313351
tejupa,SP,-23.3425,-49.3722,3554201
telemaco borba,PR,-24.3245,-50.6176,4127106
telha,SE,-10.2064,-36.8818,2807303
tenente ananias,RN,-6.45823,-38.182,2414100
tenente laurentino cruz,RN,-6.1378,-36.7135,2414159
tenente portela,RS,-27.3711,-53.7585,4321402
tenorio,PB,-6.93855,-36.6273,2516755
teodoro sampaio,BA,-12.295,-38.6347,2931400
teodoro sampaio,SP,-22.5299,-52.1682,3554300
teofilandia,BA,-11.4827,-38.9913,2931509
teofilo otoni,MG,-17.8595,-41.5087,3168606
teolandia,BA,-13.5896,-39.484,2931608
teotonio vilela,AL,-9.91656,-36.3492,2709152
terenos,MS,-20.4378,-54.8647,5008008
teresina,PI,-5.09194,-42.8034,2211001
teresina de goias,GO,-13.7801,-47.2659,5221080
teresopolis,RJ,-22.4165,-42.9752,3305802
terezinha,PE,-9.05621,-36.6272,2615102
terezopolis de goias,GO,-16.3945,-49.0797,5221197
terra alta,PA,-1.02963,-47.9004,1507961
terra boa,PR,-23.7683,-52.447,4127205
terra de areia,RS,-29.5782,-50.0644,4321436
terra nova,BA,-12.3888,-38.6238,2931707
terra nova,PE,-8.22244,-39.3825,2615201
terra nova do norte,MT,-10.517,-55.231,5108055
terra rica,PR,-22.7111,-52.6188,4127304
terra roxa,PR,-24.1575,-54.0988,4127403
terra roxa,SP,-20.787,-48.3314,3554409
terra santa,PA,-2.10443,-56.4877,1507979
tesouro,MT,-16.0809,-53.559,5108105
teutonia,RS,-29.4482,-51.8044,4321451
theobroma,RO,-10.2483,-62.3538,1101609
tiangua,CE,-3.72965,-40.9923,2313401
tibagi,PR,-24.5153,-50.4176,4127502
tibau,RN,-4.83729,-37.2554,2411056
tibau do sul,RN,-6.19176,-35.0866,2414209
tiete,SP,-23.1101,-47.7164,3554508
tigrinhos,SC,-26.6876,-53.1545,4217956
tijucas,SC,-27.2354,-48.6322,4218004
tijucas do sul,PR,-25.9311,-49.195,4127601
timbauba,PE,-7.50484,-35.3119,2615300
timbauba dos batistas,RN,-6.45768,-37.2745,2414308
timbe do sul,SC,-28.8287,-49.842,4218103
timbiras,MA,-4.25597,-43.932,2112100
timbo,SC,-26.8246,-49.269,4218202
timbo grande,SC,-26.6127,-50.6607,4218251
timburi,SP,-23.2057,-49.6096,3554607
timon,MA,-5.09769,-42.8329,2112209
timoteo,MG,-19.5811,-42.6471,3168705
tio hugo,RS,-28.5712,-52.5955,4321469
tiradentes,MG,-21.1102,-44.1744,3168804
tiradentes do sul,RS,-27.4022,-54.0814,4321477
tiros,MG,-19.0037,-45.9626,3168903
tobias barreto,SE,-11.1798,-37.9995,2807402
tocantinia,TO,-9.5632,-48.3741,1721109
tocantinopolis,TO,-6.32447,-47.4224,1721208
tocantins,MG,-21.1774,-43.0127,3169000
tocos do moji,MG,-22.3698,-46.0971,3169059
toledo,MG,-22.7421,-46.3728,3169109
toledo,PR,-24.7246,-53.7412,4127700
tomar do geru,SE,-11.3694,-37.8433,2807501
tomazina,PR,-23.7796,-49.9499,4127809
tombos,MG,-20.9086,-42.0228,3169208
tome-acu,PA,-2.41302,-48.1415,1508001
tonantins,AM,-2.86582,-67.7919,1304237
toritama,PE,-8.00955,-36.0637,2615409
torixoreu,MT,-16.2006,-52.5571,5108204
toropi,RS,-29.4782,-54.2244,4321493
torre de pedra,SP,-23.2462,-48.1955,3554656
torres,RS,-29.3334,-49.7333,4321501
torrinha,SP,-22.4237,-48.1731,3554706
touros,RN,-5.20182,-35.4621,2414407
trabiju,SP,-22.0388,-48.3342,3554755
tracuateua,PA,-1.07653,-46.9031,1508035
tracunhaem,PE,-7.80228,-35.2314,2615508
traipu,AL,-9.96262,-37.0071,2709202
trairao,PA,-4.57347,-55.9429,1508050
trairi,CE,-3.26932,-39.2681,2313500
trajano de moraes,RJ,-22.0638,-42.0643,3305901
tramandai,RS,-29.9841,-50.1322,4321600
travesseiro,RS,-29.2977,-52.0532,4321626
tremedal,BA,-14.9736,-41.4142,2931806
tremembe,SP,-22.9571,-45.5475,3554805
tres arroios,RS,-27.5003,-52.1448,4321634
tres barras,SC,-26.1056,-50.3197,4218301
tres barras do parana,PR,-25.4185,-53.1833,4127858
tres cachoeiras,RS,-29.4487,-49.9275,4321667
tres coracoes,MG,-21.6921,-45.2511,3169307
tres coroas,RS,-29.5137,-50.7739,4321709
tres de maio,RS,-27.78,-54.2357,4321808
tres forquilhas,RS,-29.5384,-50.0708,4321832
tres fronteiras,SP,-20.2344,-50.8905,3554904
tres lagoas,MS,-20.7849,-51.7007,5008305
tres marias,MG,-18.2048,-45.2473,3169356
tres palmeiras,RS,-27.6139,-52.8437,4321857
tres passos,RS,-27.4555,-53.9296,4321907
tres pontas,MG,-21.3694,-45.5109,3169406
tres ranchos,GO,-18.3539,-47.776,5221304
tres rios,RJ,-22.1165,-43.2185,3306008
treviso,SC,-28.5097,-49.4634,4218350
treze de maio,SC,-28.5537,-49.1565,4218400
treze tilias,SC,-27.0026,-51.4084,4218509
trindade,GO,-16.6517,-49.4927,5221403
trindade,PE,-7.759,-40.2647,2615607
trindade do sul,RS,-27.5239,-52.8956,4321956
triunfo,RS,-29.9291,-51.7075,4322004
triunfo,PB,-6.5713,-38.5986,2516805
triunfo,PE,-7.83272,-38.0978,2615706
triunfo potiguar,RN,-5.85408,-37.1786,2414456
trizidela do vale,MA,-4.538,-44.628,2112233
trombas,GO,-13.5079,-48.7417,5221452
trombudo central,SC,-27.3033,-49.793,4218608
tubarao,SC,-28.4713,-49.0144,4218707
tucano,BA,-10.9584,-38.7894,2931905
tucuma,PA,-6.74687,-51.1626,1508084
tucunduva,RS,-27.6573,-54.4439,4322103
tucurui,PA,-3.7657,-49.6773,1508100
tufilandia,MA,-3.67355,-45.6238,2112274
tuiuti,SP,-22.8193,-46.6937,3554953
tumiritinga,MG,-18.9844,-41.6527,3169505
tunapolis,SC,-26.9681,-53.6417,4218756
tunas,RS,-29.1039,-52.9538,4322152
tunas do parana,PR,-24.9731,-49.0879,4127882
tuneiras do oeste,PR,-23.8648,-52.8769,4127908
tuntum,MA,-5.25476,-44.6444,2112308
tupa,SP,-21.9335,-50.5191,3555000
tupaciguara,MG,-18.5866,-48.6985,3169604
tupanatinga,PE,-8.74798,-37.3445,2615805
tupanci do sul,RS,-27.9241,-51.5383,4322186
tupancireta,RS,-29.0858,-53.8445,4322202
tupandi,RS,-29.4772,-51.4174,4322251
tuparendi,RS,-27.7598,-54.4814,4322301
tuparetama,PE,-7.6003,-37.3165,2615904
tupassi,PR,-24.5879,-53.5105,4127957
tupi paulista,SP,-21.3825,-51.575,3555109
tupirama,TO,-8.97168,-48.1883,1721257
tupiratins,TO,-8.39388,-48.1277,1721307
turiacu,MA,-1.65893,-45.3798,2112407
turilandia,MA,-2.21638,-45.3044,2112456
turiuba,SP,-20.9428,-50.1135,3555208
turmalina,SP,-20.0486,-50.4792,3555307
turmalina,MG,-17.2828,-42.7285,3169703
turucu,RS,-31.4173,-52.1706,4322327
tururu,CE,-3.58413,-39.4297,2313559
turvania,GO,-16.6125,-50.1369,5221502
turvelandia,GO,-17.8502,-50.3024,5221551
turvo,PR,-25.0437,-51.5282,4127965
turvo,SC,-28.9272,-49.6831,4218806
turvolandia,MG,-21.8733,-45.7859,3169802
tutoia,MA,-2.76141,-42.2755,2112506
uarini,AM,-2.99609,-65.1133,1304260
uaua,BA,-9.83325,-39.4794,2932002
uba,MG,-21.1204,-42.9359,3169901
ubai,MG,-16.2885,-44.7783,3170008
ubaira,BA,-13.2714,-39.666,2932101
ubaitaba,BA,-14.303,-39.3222,2932200
ubajara,CE,-3.85448,-40.9204,2313609
ubaporanga,MG,-19.6351,-42.1059,3170057
ubarana,SP,-21.165,-49.7198,3555356
ubata,BA,-14.2063,-39.5207,2932309
ubatuba,SP,-23.4332,-45.0834,3555406
uberaba,MG,-19.7472,-47.9381,3170107
uberlandia,MG,-18.9141,-48.2749,3170206
ubirajara,SP,-22.5272,-49.6613,3555505
ubirata,PR,-24.5393,-52.9865,4128005
ubiretama,RS,-28.0404,-54.686,4322343
uchoa,SP,-20.9511,-49.1713,3555604
uibai,BA,-11.3394,-42.1354,2932408
uiramuta,RR,4.60314,-60.1815,1400704
uirapuru,GO,-14.2835,-49.9201,5221577
uirauna,PB,-6.51504,-38.4128,2516904
ulianopolis,PA,-3.75007,-47.4892,1508126
umari,CE,-6.63893,-38.7008,2313708
umarizal,RN,-5.98238,-37.818,2414506
umbauba,SE,-11.3809,-37.6623,2807600
umburanas,BA,-10.7339,-41.3234,2932457
umburatiba,MG,-17.2548,-40.5779,3170305
umbuzeiro,PB,-7.69199,-35.6582,2517001
umirim,CE,-3.67654,-39.3465,2313757
umuarama,PR,-23.7656,-53.3201,4128104
una,BA,-15.2791,-39.0765,2932507
unai,MG,-16.3592,-46.9022,3170404
uniao,PI,-4.58571,-42.8583,2211100
uniao da serra,RS,-28.7833,-52.0238,4322350
uniao da vitoria,PR,-26.2273,-51.0873,4128203
uniao de minas,MG,-19.5299,-50.338,3170438
uniao do oeste,SC,-26.762,-52.8541,4218855
uniao do sul,MT,-11.5308,-54.3616,5108303
uniao dos palmares,AL,-9.15921,-36.0223,2709301
uniao paulista,SP,-20.8862,-49.9025,3555703
uniflor,PR,-23.0868,-52.1573,4128302
unistalda,RS,-29.04,-55.1517,4322376
upanema,RN,-5.63761,-37.2635,2414605
urai,PR,-23.2,-50.7939,4128401
urandi,BA,-14.7678,-42.6498,2932606
urania,SP,-20.2455,-50.6455,3555802
urbano santos,MA,-3.20642,-43.3878,2112605
uru,SP,-21.7866,-49.2848,3555901
uruacu,GO,-14.5238,-49.1396,5221601
uruana,GO,-15.4993,-49.6861,5221700
uruana de minas,MG,-16.0634,-46.2443,3170479
uruara,PA,-3.71519,-53.7396,1508159
urubici,SC,-28.0157,-49.5925,4218905
uruburetama,CE,-3.62316,-39.5107,2313807
urucania,MG,-20.3521,-42.737,3170503
urucara,AM,-2.52936,-57.7538,1304302
urucuca,BA,-14.5963,-39.2851,2932705
urucui,PI,-7.23944,-44.5577,2211209
urucuia,MG,-16.1244,-45.7352,3170529
urucurituba,AM,-3.12841,-58.1496,1304401
uruguaiana,RS,-29.7614,-57.0853,4322400
uruoca,CE,-3.30819,-40.5628,2313906
urupa,RO,-11.1261,-62.3639,1101708
urupema,SC,-27.9557,-49.8729,4218954
urupes,SP,-21.2032,-49.2931,3556008
urussanga,SC,-28.518,-49.3238,4219002
urutai,GO,-17.4651,-48.2015,5221809
utinga,BA,-12.0783,-41.0954,2932804
vacaria,RS,-28.5079,-50.9418,4322509
vale de sao domingos,MT,-15.286,-59.0683,5108352
vale do anari,RO,-9.86215,-62.1876,1101757
vale do paraiso,RO,-10.4465,-62.1352,1101807
vale do sol,RS,-29.5967,-52.6839,4322533
vale real,RS,-29.3919,-51.2559,4322541
vale verde,RS,-29.7864,-52.1857,4322525
valenca,BA,-13.3669,-39.073,2932903
valenca,RJ,-22.2445,-43.7129,3306107
valenca do piaui,PI,-6.40301,-41.7375,2211308
valente,BA,-11.4062,-39.457,2933000
valentim gentil,SP,-20.4217,-50.0889,3556107
valinhos,SP,-22.9698,-46.9974,3556206
valparaiso,SP,-21.2229,-50.8699,3556305
valparaiso de goias,GO,-16.0651,-47.9757,5221858
vanini,RS,-28.4758,-51.8447,4322558
vargeao,SC,-26.8621,-52.1549,4219101
vargem,SC,-27.4867,-50.9724,4219150
vargem,SP,-22.887,-46.4124,3556354
vargem alegre,MG,-19.5988,-42.2949,3170578
vargem alta,ES,-20.669,-41.0179,3205036
vargem bonita,MG,-20.3333,-46.3688,3170602
vargem bonita,SC,-27.0055,-51.7402,4219176
vargem grande,MA,-3.53639,-43.917,2112704
vargem grande do rio pardo,MG,-15.3987,-42.3085,3170651
vargem grande do sul,SP,-21.8322,-46.8913,3556404
vargem grande paulista,SP,-23.5993,-47.022,3556453
varginha,MG,-21.5556,-45.4364,3170701
varjao,GO,-17.0471,-49.6312,5221908
varjao de minas,MG,-18.3741,-46.0313,3170750
varjota,CE,-4.19387,-40.4741,2313955
varre-sai,RJ,-20.9276,-41.8701,3306156
varzea,RN,-6.34641,-35.3732,2414704
varzea,PB,-6.76189,-36.9913,2517100
varzea alegre,CE,-6.78264,-39.2942,2314003
varzea branca,PI,-9.238,-42.9692,2211357
varzea da palma,MG,-17.5944,-44.7226,3170800
varzea da roca,BA,-11.6005,-40.1328,2933059
varzea do poco,BA,-11.5273,-40.3149,2933109
varzea grande,PI,-6.54899,-42.248,2211407
varzea grande,MT,-15.6458,-56.1322,5108402
varzea nova,BA,-11.2557,-40.9432,2933158
varzea paulista,SP,-23.2136,-46.8234,3556503
varzedo,BA,-12.9672,-39.3919,2933174
varzelandia,MG,-15.6992,-44.0278,3170909
vassouras,RJ,-22.4059,-43.6686,3306206
vazante,MG,-17.9827,-46.9088,3171006
venancio aires,RS,-29.6143,-52.1932,4322608
venda nova do imigrante,ES,-20.327,-41.1355,3205069
venha-ver,RN,-6.32016,-38.4896,2414753
ventania,PR,-24.2458,-50.2376,4128534
venturosa,PE,-8.57885,-36.8742,2616001
vera,MT,-12.3017,-55.3045,5108501
vera cruz,RN,-6.04399,-35.428,2414803
vera cruz,BA,-12.9568,-38.6153,2933208
vera cruz,RS,-29.7184,-52.5152,4322707
vera cruz,SP,-22.2183,-49.8207,3556602
vera cruz do oeste,PR,-25.0577,-53.8771,4128559
vera mendes,PI,-7.59748,-41.4673,2211506
veranopolis,RS,-28.9312,-51.5516,4322806
verdejante,PE,-7.92235,-38.9701,2616100
verdelandia,MG,-15.5845,-43.6121,3171030
vere,PR,-25.8772,-52.9051,4128609
vereda,BA,-17.2183,-40.0974,2933257
veredinha,MG,-17.3974,-42.7307,3171071
verissimo,MG,-19.6657,-48.3118,3171105
vermelho novo,MG,-20.0406,-42.2688,3171154
vertente do lerio,PE,-7.77084,-35.8491,2616183
vertentes,PE,-7.90158,-35.9681,2616209
vespasiano,MG,-19.6883,-43.9239,3171204
vespasiano correa,RS,-29.0655,-51.8625,4322855
viadutos,RS,-27.5716,-52.0211,4322905
viamao,RS,-30.0819,-51.0194,4323002
viana,ES,-20.3825,-40.4933,3205101
viana,MA,-3.20451,-44.9912,2112803
vianopolis,GO,-16.7405,-48.5159,5222005
vicencia,PE,-7.65655,-35.3139,2616308
vicente dutra,RS,-27.1607,-53.4022,4323101
vicentina,MS,-22.4098,-54.4415,5008404
vicentinopolis,GO,-17.7322,-49.8047,5222054
vicosa,RN,-5.98253,-37.9462,2414902
vicosa,AL,-9.36763,-36.2431,2709400
vicosa,MG,-20.7559,-42.8742,3171303
vicosa do ceara,CE,-3.5667,-41.0916,2314102
victor graeff,RS,-28.5632,-52.7495,4323200
vidal ramos,SC,-27.3886,-49.3593,4219200
videira,SC,-27.0086,-51.1543,4219309
vieiras,MG,-20.867,-42.2401,3171402
vieiropolis,PB,-6.50684,-38.2567,2517209
vigia,PA,-0.861194,-48.1386,1508209
vila bela da santissima trindade,MT,-15.0068,-59.9504,5105507
vila boa,GO,-15.0387,-47.052,5222203
vila flor,RN,-6.31287,-35.067,2415008
vila flores,RS,-28.8598,-51.5504,4323309
vila langaro,RS,-28.1062,-52.1438,4323358
vila maria,RS,-28.5359,-52.1486,4323408
vila nova do piaui,PI,-7.13272,-40.9345,2211605
vila nova do sul,RS,-30.3461,-53.876,4323457
vila nova dos martirios,MA,-5.18889,-48.1336,2112852
vila pavao,ES,-18.6091,-40.609,3205150
vila propicio,GO,-15.4542,-48.8819,5222302
vila rica,MT,-10.0137,-51.1186,5108600
vila valerio,ES,-18.9958,-40.3849,3205176
vila velha,ES,-20.3417,-40.2875,3205200
vilhena,RO,-12.7502,-60.1488,1100304
vinhedo,SP,-23.0302,-46.9833,3556701
viradouro,SP,-20.8734,-48.293,3556800
virgem da lapa,MG,-16.807,-42.3431,3171600
virginia,MG,-22.3264,-45.0965,3171709
virginopolis,MG,-18.8154,-42.7015,3171808
virgolandia,MG,-18.4738,-42.3067,3171907
virmond,PR,-25.3829,-52.1987,4128658
visconde do rio branco,MG,-21.0127,-42.8361,3172004
viseu,PA,-1.19124,-46.1399,1508308
vista alegre,RS,-27.3686,-53.4919,4323507
vista alegre do alto,SP,-21.1692,-48.6284,3556909
vista alegre do prata,RS,-28.8052,-51.7947,4323606
vista gaucha,RS,-27.2902,-53.6974,4323705
vista serrana,PB,-6.7303,-37.5704,2505501
vitor meireles,SC,-26.8782,-49.8328,4219358
vitoria,ES,-20.3155,-40.3128,3205309
vitoria brasil,SP,-20.1956,-50.4875,3556958
vitoria da conquista,BA,-14.8615,-40.8442,2933307
vitoria das missoes,RS,-28.3516,-54.504,4323754
vitoria de santo antao,PE,-8.12819,-35.2976,2616407
vitoria do jari,AP,-0.938,-52.424,1600808
vitoria do mearim,MA,-3.45125,-44.8643,2112902
vitoria do xingu,PA,-2.87922,-52.0088,1508357
vitorino,PR,-26.2683,-52.7843,4128708
vitorino freire,MA,-4.28184,-45.2505,2113009
volta grande,MG,-21.7671,-42.5375,3172103
volta redonda,RJ,-22.5202,-44.0996,3306305
votorantim,SP,-23.5446,-47.4388,3557006
votuporanga,SP,-20.4237,-49.9781,3557105
wagner,BA,-12.2819,-41.1715,2933406
wall ferraz,PI,-7.23151,-41.905,2211704
wanderlandia,TO,-6.85274,-47.9601,1722081
wanderley,BA,-12.1144,-43.8958,2933455
wenceslau braz,MG,-22.5368,-45.3626,3172202
wenceslau braz,PR,-23.8742,-49.8032,4128500
wenceslau guimaraes,BA,-13.6908,-39.4762,2933505
westfalia,RS,-29.4263,-51.7645,4323770
witmarsum,SC,-26.9275,-49.7947,4219408
xambioa,TO,-6.4141,-48.532,1722107
xambre,PR,-23.7364,-53.4884,4128807
xangri-la,RS,-29.8065,-50.0519,4323804
xanxere,SC,-26.8747,-52.4036,4219507
xapuri,AC,-10.6516,-68.4969,1200708
xavantina,SC,-27.0667,-52.343,4219606
xaxim,SC,-26.9596,-52.5374,4219705
xexeu,PE,-8.8046,-35.6212,2616506
xinguara,PA,-7.0983,-49.9437,1508407
xique-xique,BA,-10.823,-42.7245,2933604
zabele,PB,-8.07901,-37.1057,2517407
zacarias,SP,-21.0506,-50.0552,3557154
ze doca,MA,-3.27014,-45.6553,2114007
zortea,SC,-27.4521,-51.552,4219853
boa esperanca do norte,MT,-13.5067,-55.1486,5101837
